first_name,last_name,phone1,email
James,Butt,504-621-8927,jbutt@gmail.com
Joanne,Darakjy,810-292-9388,josephine_darakjy@darakjy.org
Art,Venere,856-636-8749,art@venere.org
Lenna,Papro,907-385-4412,lpaprocki@hotmail.com
Donette,Foller,513-570-1893,donette.foller@cox.net
Simona,Morasca,419-503-2484,simona@morasca.com
Mitsue,Tollner,773-573-6914,mitsue_tollner@yahoo.com
Leota,Dill,408-752-3500,leota@hotmail.com
Sage,Wieser,605-414-2147,sage_wieser@cox.net
Kris,Marrier,410-655-8723,kris@gmail.com
Minna,Amigon,215-874-1229,minna_amigon@yahoo.com
Abel,Maclead,631-335-3414,amaclead@gmail.com
Kiley,Calda,310-498-5651,kiley.caldarera@aol.com
Grace,Ruta,440-780-8425,gruta@cox.net
Cammy,Albares,956-537-6195,calbares@gmail.com
Mattie,Poq,602-277-4385,mattie@aol.com
Meaghan,Garufi,931-313-9635,meaghan@hotmail.com
Gladys,Rim,414-661-9598,gladys.rim@rim.org
Yuki,Whobrey,313-288-7937,yuki_whobrey@aol.com
Fletch,Flosi,815-828-2147,fletcher.flosi@yahoo.com
Bette,Nicka,610-545-3615,bette_nicka@cox.net
Verity,Inouye,408-540-1785,vinouye@aol.com
Willard,Kolmetz,972-303-9197,willard@hotmail.com
Maryann,Royster,518-966-7987,mroyster@royster.com
Alisha,Slurt,732-658-3154,alisha@slusarski.com
Allene,Iturbide,715-662-6764,allene_iturbide@cox.net
Chanel,Caudy,913-388-2079,chanel.caudy@caudy.org
Ezekiel,Chui,410-669-1642,ezekiel@chui.com
Willow,Kusko,212-582-4976,wkusko@yahoo.com
Bernardo,Figeroa,936-336-3951,bfigeroa@aol.com
Ammie,Corrio,614-801-9788,ammie@corrio.com
Francine,Vocelka,505-977-3911,francine_vocelka@vocelka.com
Ernie,Stenseth,201-709-6245,ernie_stenseth@aol.com
Albina,Glick,732-924-7882,albina@glick.com
Alishia,Sergi,212-860-1579,asergi@gmail.com
Solange,Shinko,504-979-9175,solange@shinko.com
Jose,Stockham,212-675-8570,jose@yahoo.com
Rozella,Ostrosky,805-832-6163,rozella.ostrosky@ostrosky.com
Valentine,Gillian,210-812-9597,valentine_gillian@gmail.com
Kati,Rulapaugh,785-463-7829,kati.rulapaugh@hotmail.com
Youlanda,Schemmer,541-548-8197,youlanda@aol.com
Dyan,Oldroyd,913-413-4604,doldroyd@aol.com
Roxane,Campain,907-231-4722,roxane@hotmail.com
Lavera,Perin,305-606-7291,lperin@perin.org
Erick,Ferencz,907-741-1044,erick.ferencz@aol.com
Fatima,Saylors,952-768-2416,fsaylors@saylors.org
Jina,Briddick,617-399-5124,jina_briddick@briddick.com
Kanisha,Waycott,323-453-2780,kanisha_waycott@yahoo.com
Emerson,Bowley,608-336-7444,emerson.bowley@bowley.org
Blair,Malet,215-907-9111,bmalet@yahoo.com
Brock,Bolognia,212-402-9216,bbolognia@yahoo.com
Lorrie,Nestle,931-875-6644,lnestle@hotmail.com
Sabra,Uyetake,803-925-5213,sabra@uyetake.org
Marjory,Mastella,610-814-5533,mmastella@mastella.com
Karl,Klonowski,908-877-6135,karl_klonowski@yahoo.com
Tonette,Wenner,516-968-6051,twenner@aol.com
Amber,Monarrez,215-934-8655,amber_monarrez@monarrez.org
Shenika,Seewald,818-423-4007,shenika@gmail.com
Delmy,Ahle,401-458-2547,delmy.ahle@hotmail.com
Deeanna,Juhas,215-211-9589,deeanna_juhas@gmail.com
Blondell,Pugh,401-960-8259,bpugh@aol.com
Jamal,Vanausdal,732-234-1546,jamal@vanausdal.org
Cecily,Hollack,512-486-3817,cecily@hollack.org
Carmelina,Lindall,303-724-7371,carmelina_lindall@lindall.com
Maurine,Yglesias,414-748-1374,maurine_yglesias@yglesias.com
Tawna,Buvens,212-674-9610,tawna@gmail.com
Penney,Weight,907-797-9628,penney_weight@aol.com
Elly,Morocco,814-393-5571,elly_morocco@gmail.com
Ilene,Eroman,410-914-9018,ilene.eroman@hotmail.com
Vallie,Mondella,208-862-5339,vmondella@mondella.com
Kallie,Blackwood,415-315-2761,kallie.blackwood@gmail.com
Johnetta,Abdallah,919-225-9345,johnetta_abdallah@aol.com
Bobbye,Rhym,650-528-5783,brhym@rhym.com
Micaela,Rhymes,925-647-3298,micaela_rhymes@gmail.com
Tamar,Hoogland,740-343-8575,tamar@hotmail.com
Moon,Parlato,585-866-8313,moon@yahoo.com
Laurel,Reitler,410-520-4832,laurel_reitler@reitler.com
Delisa,Crupi,973-354-2040,delisa.crupi@crupi.com
Viva,Toelkes,773-446-5569,viva.toelkes@gmail.com
Elza,Lipke,973-927-3447,elza@yahoo.com
Devorah,Chickering,505-975-8559,devorah@hotmail.com
Timothy,Mulqueen,718-332-6527,timothy_mulqueen@mulqueen.org
Arlette,Honeywell,904-775-4480,ahoneywell@honeywell.com
Dominque,Dickerson,510-993-3758,dominque.dickerson@dickerson.org
Lettie,Isenhower,216-657-7668,lettie_isenhower@yahoo.com
Myra,Munns,817-914-7518,mmunns@cox.net
Stephaine,Barfield,310-774-7643,stephaine@barfield.com
Lai,Gato,847-728-7286,lai.gato@gato.org
Stephen,Emigh,330-537-5358,stephen_emigh@hotmail.com
Tyra,Shields,215-255-1641,tshields@gmail.com
Tammara,Wardrip,650-803-1936,twardrip@cox.net
Cory,Gibes,626-572-1096,cory.gibes@gmail.com
Danica,Bruschke,254-782-8569,danica_bruschke@gmail.com
Wilda,Giguere,907-870-5536,wilda@cox.net
Elvera,Benimadho,408-703-8505,elvera.benimadho@cox.net
Carma,Vanheusen,510-503-7169,carma@cox.net
Malinda,Hochard,317-722-5066,malinda.hochard@yahoo.com
Natalie,Fern,307-704-8713,natalie.fern@hotmail.com
Lisha,Centini,703-235-3937,lisha@centini.org
Arlene,Klusman,504-710-5840,arlene_klusman@gmail.com
Alease,Buemi,303-301-4946,alease@buemi.com
Louisa,Cronauer,510-828-7047,louisa@cronauer.com
Angella,Cetta,808-892-7943,angella.cetta@hotmail.com
Cyndy,Goldammer,952-334-9408,cgoldammer@cox.net
Rosio,Cork,336-243-5659,rosio.cork@gmail.com
Celeste,Korando,516-509-2347,ckorando@hotmail.com
Twana,Felger,503-939-3153,twana.felger@felger.org
Estrella,Samu,608-976-7199,estrella@aol.com
Donte,Kines,508-429-8576,dkines@hotmail.com
Tiffiny,Steffensmeier,305-385-9695,tiffiny_steffensmeier@cox.net
Edna,Miceli,814-460-2655,emiceli@miceli.org
Sue,Kownacki,972-666-3413,sue@aol.com
Jesusa,Shin,931-273-8709,jshin@shin.com
Rolland,Francescon,973-649-2922,rolland@cox.net
Pamella,Schmierer,305-420-8970,pamella.schmierer@schmierer.org
Glory,Kulzer,410-224-9462,gkulzer@kulzer.org
Shawna,Palaspas,805-275-3566,shawna_palaspas@palaspas.org
Brandon,Callaro,808-215-6832,brandon_callaro@hotmail.com
Scarlet,Cartan,229-735-3378,scarlet.cartan@yahoo.com
Oretha,Menter,617-418-5043,oretha_menter@yahoo.com
Ty,Smith,201-672-1553,tsmith@aol.com
Xuan,Rochin,650-933-5072,xuan@gmail.com
Lindsey,Dilello,909-639-9887,lindsey.dilello@hotmail.com
Devora,Perez,510-955-3016,devora_perez@perez.org
Herman,Demesa,518-497-2940,hdemesa@cox.net
Rory,Papasergi,570-867-7489,rpapasergi@cox.net
Talia,Riopelle,973-245-2133,talia_riopelle@aol.com
Van,Shire,908-409-2890,van.shire@shire.com
Lucina,Lary,321-749-4981,lucina_lary@cox.net
Bok,Isaacs,718-809-3762,bok.isaacs@aol.com
Rolande,Spickerman,808-315-3077,rolande.spickerman@spickerman.com
Howard,Paulas,303-623-4241,hpaulas@gmail.com
Kimbery,Madarang,973-310-1634,kimbery_madarang@cox.net
Thurman,Manno,609-524-3586,thurman.manno@yahoo.com
Becky,Mirafuentes,908-877-8409,becky.mirafuentes@mirafuentes.com
Beatriz,Corrington,508-584-4279,beatriz@yahoo.com
Marti,Maybury,773-775-4522,marti.maybury@yahoo.com
Nieves,Gotter,503-527-5274,nieves_gotter@gmail.com
Leatha,Hagele,214-339-1809,lhagele@cox.net
Valentin,Klimek,312-303-5453,vklimek@klimek.org
Melissa,Wiklund,419-939-3613,melissa@cox.net
Sheridan,Zane,951-645-3605,sheridan.zane@zane.com
Bulah,Padilla,254-463-4368,bulah_padilla@hotmail.com
Audra,Kohnert,615-406-7854,audra@kohnert.com
Daren,Weirather,414-959-2540,dweirather@aol.com
Fernanda,Jillson,410-387-5260,fjillson@aol.com
Gearldine,Gellinger,972-934-6914,gearldine_gellinger@gellinger.com
Chau,Kitzman,310-560-8022,chau@gmail.com
Theola,Frey,516-948-5768,theola_frey@frey.com
Cheryl,Haroldson,609-518-7697,cheryl@haroldson.org
Laticia,Merced,513-508-7371,lmerced@gmail.com
Carissa,Batman,541-326-4074,carissa.batman@yahoo.com
Lezlie,Craghead,919-533-3762,lezlie.craghead@craghead.org
Ozell,Shealy,212-332-8435,oshealy@hotmail.com
Arminda,Parvis,602-906-9419,arminda@parvis.com
Reita,Leto,317-234-1135,reita.leto@gmail.com
Yolando,Luczki,315-304-4759,yolando@cox.net
Lizette,Stem,856-487-5412,lizette.stem@aol.com
Gregoria,Pawlowicz,516-212-1915,gpawlowicz@yahoo.com
Carin,Deleo,501-308-1040,cdeleo@deleo.com
Chantell,Maynerich,651-591-2583,chantell@yahoo.com
Dierdre,Yum,215-325-3042,dyum@yahoo.com
Larae,Gudroe,985-890-7262,larae_gudroe@gmail.com
Latrice,Tolfree,631-957-7624,latrice.tolfree@hotmail.com
Kerry,Theodorov,916-591-3277,kerry.theodorov@gmail.com
Dorthy,Hidvegi,208-649-2373,dhidvegi@yahoo.com
Fannie,Lungren,512-587-5746,fannie.lungren@yahoo.com
Evangelina,Radde,215-964-3284,evangelina@aol.com
Novella,Degroot,808-477-4775,novella_degroot@degroot.org
Clay,Hoa,775-501-8109,choa@hoa.org
Jennifer,Fallick,847-979-9545,jfallick@yahoo.com
Irma,Wolfgramm,973-545-7355,irma.wolfgramm@hotmail.com
Eun,Coody,864-256-3620,eun@yahoo.com
Sylvia,Cousey,410-209-9545,sylvia_cousey@cousey.org
Nana,Wrinkles,914-855-2115,nana@aol.com
Layla,Springe,212-260-3151,layla.springe@cox.net
Joesph,Degonia,510-677-9785,joesph_degonia@degonia.org
Annabelle,Boord,978-697-6263,annabelle.boord@cox.net
Stephaine,Vinning,415-767-6596,stephaine@cox.net
Nelida,Sawchuk,201-971-1638,nelida@gmail.com
Marguerita,Hiatt,925-634-7158,marguerita.hiatt@gmail.com
Carmela,Cookey,773-494-4195,ccookey@cookey.org
Junita,Brideau,973-943-3423,jbrideau@aol.com
Claribel,Varriano,419-544-4900,claribel_varriano@cox.net
Benton,Skursky,310-579-2907,benton.skursky@aol.com
Hillary,Skulski,352-242-2570,hillary.skulski@aol.com
Merilyn,Bayless,408-758-5015,merilyn_bayless@cox.net
Teri,Ennaco,570-889-5187,tennaco@gmail.com
Merlyn,Lawler,201-588-7810,merlyn_lawler@hotmail.com
Georgene,Montezuma,925-615-5185,gmontezuma@cox.net
Jettie,Mconnell,908-802-3564,jmconnell@hotmail.com
Lemuel,Latzke,631-748-6479,lemuel.latzke@gmail.com
Melodie,Knipp,805-690-1682,mknipp@gmail.com
Candida,Corbley,908-275-8357,candida_corbley@hotmail.com
Karan,Karpin,503-940-8327,karan_karpin@gmail.com
Andra,Scheyer,503-516-2189,andra@gmail.com
Felicidad,Poullion,856-305-9731,fpoullion@poullion.com
Belen,Strassner,770-507-8791,belen_strassner@aol.com
Gracia,Melnyk,904-235-3633,gracia@melnyk.com
Jolanda,Hanafan,207-458-9196,jhanafan@gmail.com
Barrett,Toyama,817-765-5781,barrett.toyama@toyama.org
Helga,Fredicks,716-752-4114,helga_fredicks@yahoo.com
Ashlyn,Pinilla,305-670-9628,apinilla@cox.net
Fausto,Agramonte,212-313-1783,fausto_agramonte@yahoo.com
Ronny,Caiafa,215-605-7570,ronny.caiafa@caiafa.org
Marge,Limmel,850-430-1663,marge@gmail.com
Norah,Waymire,415-306-7897,norah.waymire@gmail.com
Aliza,Baltimore,408-504-3552,aliza@aol.com
Mozell,Pelkowski,650-947-1215,mpelkowski@pelkowski.org
Viola,Bitsuie,818-864-4875,viola@gmail.com
Franklyn,Emard,215-558-8189,femard@emard.com
Willodean,Konopacki,337-253-8384,willodean_konopacki@konopacki.org
Beckie,Silvestrini,313-533-4884,beckie.silvestrini@silvestrini.com
Rebecka,Gesick,512-213-8574,rgesick@gesick.org
Frederica,Blunk,214-428-2285,frederica_blunk@gmail.com
Glen,Bartolet,206-697-5796,glen_bartolet@hotmail.com
Freeman,Gochal,610-476-3501,freeman_gochal@aol.com
Vincent,Meinerding,215-372-1718,vincent.meinerding@hotmail.com
Rima,Bevelacqua,310-858-5079,rima@cox.net
Glendora,Sarbacher,707-653-8214,gsarbacher@gmail.com
Avery,Steier,407-808-9439,avery@cox.net
Cristy,Lother,760-971-4322,cristy@lother.com
Nicolette,Brossart,508-837-9230,nicolette_brossart@brossart.com
Tracey,Modzelewski,936-264-9294,tracey@hotmail.com
Virgina,Tegarden,414-214-8697,virgina_tegarden@tegarden.com
Tiera,Frankel,626-636-4117,tfrankel@aol.com
Alaine,Bergesen,914-300-9193,alaine_bergesen@cox.net
Earleen,Mai,214-289-1973,earleen_mai@cox.net
Leonida,Gobern,228-235-5615,leonida@gobern.org
Ressie,Auffrey,305-604-8981,ressie.auffrey@yahoo.com
Justine,Mugnolo,212-304-9225,jmugnolo@yahoo.com
Eladia,Saulter,201-474-4924,eladia@saulter.com
Chaya,Malvin,734-928-5182,chaya@malvin.com
Gwenn,Suffield,631-258-6558,gwenn_suffield@suffield.org
Salena,Karpel,330-791-8557,skarpel@cox.net
Yoko,Fishburne,203-506-4706,yoko@fishburne.com
Taryn,Moyd,703-322-4041,taryn.moyd@hotmail.com
Katina,Polidori,978-626-2978,katina_polidori@aol.com
Rickie,Plumer,419-693-1334,rickie.plumer@aol.com
Alex,Loader,253-660-7821,alex@loader.com
Lashon,Vizarro,916-741-7884,lashon@aol.com
Lauran,Burnard,307-342-7795,lburnard@burnard.com
Ceola,Setter,207-627-7565,ceola.setter@setter.org
My,Rantanen,215-491-5633,my@hotmail.com
Lorrine,Worlds,813-769-2939,lorrine.worlds@worlds.com
Peggie,Sturiale,619-608-1763,peggie@cox.net
Marvel,Raymo,979-718-8968,mraymo@yahoo.com
Daron,Dinos,847-233-3075,daron_dinos@cox.net
An,Fritz,609-228-5265,an_fritz@hotmail.com
Portia,Stimmel,908-722-7128,portia.stimmel@aol.com
Rhea,Aredondo,718-560-9537,rhea_aredondo@cox.net
Benedict,Sama,314-787-1588,bsama@cox.net
Alyce,Arias,209-317-1801,alyce@arias.org
Heike,Berganza,973-936-5095,heike@gmail.com
Carey,Dopico,317-578-2453,carey_dopico@dopico.org
Dottie,Hellickson,206-540-6076,dottie@hellickson.org
Deandrea,Hughey,336-822-7652,deandrea@yahoo.com
Kimberlie,Duenas,785-629-8542,kimberlie_duenas@yahoo.com
Martina,Staback,407-471-6908,martina_staback@staback.com
Skye,Fillingim,612-508-2655,skye_fillingim@yahoo.com
Jade,Farrar,803-352-5387,jade.farrar@yahoo.com
Charlene,Hamilton,707-300-1771,charlene.hamilton@hotmail.com
Geoffrey,Acey,847-222-1734,geoffrey@gmail.com
Stevie,Westerbeck,949-867-4077,stevie.westerbeck@yahoo.com
Pamella,Fortino,303-404-2210,pamella@fortino.com
Harrison,Haufler,203-801-6193,hhaufler@hotmail.com
Johnna,Engelberg,425-986-7573,jengelberg@engelberg.org
Buddy,Cloney,440-989-5826,buddy.cloney@yahoo.com
Dalene,Riden,603-315-6839,dalene.riden@aol.com
Jerry,Zurcher,321-518-5938,jzurcher@zurcher.org
Haydee,Denooyer,212-792-8658,hdenooyer@denooyer.org
Joseph,Cryer,714-584-2237,joseph_cryer@cox.net
Deonna,Kippley,248-913-4677,deonna_kippley@hotmail.com
Raymon,Calvaresi,317-825-4724,raymon.calvaresi@gmail.com
Alecia,Bubash,940-276-7922,alecia@aol.com
Ma,Layous,203-721-3388,mlayous@hotmail.com
Detra,Coyier,410-739-9277,detra@aol.com
Terrilyn,Rodeigues,504-463-4384,terrilyn.rodeigues@cox.net
Salome,Lacovara,804-550-5097,slacovara@gmail.com
Garry,Keetch,215-979-8776,garry_keetch@hotmail.com
Matthew,Neither,952-651-7597,mneither@yahoo.com
Theodora,Restrepo,305-936-8226,theodora.restrepo@restrepo.com
Noah,Kalafatis,414-263-5287,noah.kalafatis@aol.com
Carmen,Sweigard,732-941-2621,csweigard@sweigard.com
Lavonda,Hengel,701-898-2154,lavonda@cox.net
Junita,Stoltzman,775-638-9963,junita@aol.com
Herminia,Nicolozakes,602-954-5141,herminia@nicolozakes.org
Casie,Good,615-390-2251,casie.good@aol.com
Reena,Maisto,410-351-1863,reena@hotmail.com
Mirta,Mallett,212-870-1286,mirta_mallett@gmail.com
Cathrine,Pontoriero,806-703-1435,cathrine.pontoriero@pontoriero.com
Filiberto,Tawil,323-765-2528,ftawil@hotmail.com
Raul,Upthegrove,619-509-5282,rupthegrove@yahoo.com
Sarah,Candlish,770-732-1194,sarah.candlish@gmail.com
Lucy,Treston,508-769-5250,lucy@cox.net
Judy,Aquas,269-756-7222,jaquas@aquas.com
Yvonne,Tjepkema,973-714-1721,yvonne.tjepkema@hotmail.com
Kayleigh,Lace,337-740-9323,kayleigh.lace@yahoo.com
Felix,Hirpara,717-491-5643,felix_hirpara@cox.net
Tresa,Sweely,314-359-9566,tresa_sweely@hotmail.com
Kristeen,Turinetti,817-213-8851,kristeen@gmail.com
Jenelle,Regusters,813-932-8715,jregusters@regusters.com
Renea,Monterrubio,770-679-4752,renea@hotmail.com
Olive,Matuszak,760-938-6069,olive@aol.com
Ligia,Reiber,517-906-1108,lreiber@cox.net
Christiane,Eschberger,602-390-4944,christiane.eschberger@yahoo.com
Goldie,Schirpke,207-295-7569,goldie.schirpke@yahoo.com
Loreta,Timenez,301-696-6420,loreta.timenez@hotmail.com
Fabiola,Hauenstein,717-809-3119,fabiola.hauenstein@hauenstein.org
Amie,Perigo,972-419-7946,amie.perigo@yahoo.com
Raina,Brachle,406-318-1515,raina.brachle@brachle.org
Erinn,Canlas,973-767-3008,erinn.canlas@canlas.com
Cherry,Lietz,248-980-6904,cherry@lietz.com
Kattie,Vonasek,216-923-3715,kattie@vonasek.org
Lilli,Scriven,325-631-1560,lilli@aol.com
Whitley,Tomasulo,817-526-4408,whitley.tomasulo@aol.com
Barbra,Adkin,718-201-3751,badkin@hotmail.com
Hermila,Thyberg,401-893-4882,hermila_thyberg@hotmail.com
Jesusita,Flister,717-885-9118,jesusita.flister@hotmail.com
Caitlin,Julia,401-948-4982,caitlin.julia@julia.org
Roosevelt,Hoffis,305-622-4739,roosevelt.hoffis@aol.com
Helaine,Halter,201-832-4168,hhalter@yahoo.com
Lorean,Martabano,210-856-4979,lorean.martabano@hotmail.com
France,Buzick,718-478-8504,france.buzick@yahoo.com
Justine,Ferrario,909-993-3242,jferrario@hotmail.com
Adelina,Nabours,216-230-4892,adelina_nabours@gmail.com
Derick,Dhamer,212-304-4515,ddhamer@cox.net
Jerry,Dallen,804-762-9576,jerry.dallen@yahoo.com
Leota,Ragel,706-221-4243,leota.ragel@gmail.com
Jutta,Amyot,337-515-1438,jamyot@hotmail.com
Aja,Gehrett,973-544-2677,aja_gehrett@hotmail.com
Kirk,Herritt,607-407-3716,kirk.herritt@aol.com
Leonora,Mauson,973-412-2995,leonora@yahoo.com
Winfred,Brucato,208-252-4552,winfred_brucato@hotmail.com
Tarra,Nachor,415-411-1775,tarra.nachor@cox.net
Corinne,Loder,508-942-4186,corinne@loder.org
Dulce,Labreche,248-357-8718,dulce_labreche@yahoo.com
Kate,Keneipp,920-353-6377,kate_keneipp@yahoo.com
Kaitlyn,Ogg,410-665-4903,kaitlyn.ogg@gmail.com
Sherita,Saras,719-669-1664,sherita.saras@cox.net
Lashawnda,Stuer,419-588-8719,lstuer@cox.net
Ernest,Syrop,301-998-9644,ernest@cox.net
Nobuko,Halsey,508-855-9887,nobuko.halsey@yahoo.com
Lavonna,Wolny,703-483-1970,lavonna.wolny@hotmail.com
Lashaunda,Lizama,410-678-2473,llizama@cox.net
Mariann,Bilden,512-223-4791,mariann.bilden@aol.com
Helene,Rodenberger,623-461-8551,helene@aol.com
Roselle,Estell,419-571-5920,roselle.estell@hotmail.com
Samira,Heintzman,206-311-4137,sheintzman@hotmail.com
Margart,Meisel,513-617-2362,margart_meisel@yahoo.com
Kristofer,Bennick,812-368-1511,kristofer.bennick@yahoo.com
Weldon,Acuff,847-353-2156,wacuff@gmail.com
Shalon,Shadrick,718-232-2337,shalon@cox.net
Denise,Patak,407-446-4358,denise@patak.org
Louvenia,Beech,310-820-2117,louvenia.beech@beech.com
Audry,Yaw,813-797-4816,audry.yaw@yaw.org
Kristel,Ehmann,915-452-1290,kristel.ehmann@aol.com
Vincenza,Zepp,619-603-5125,vzepp@gmail.com
Elouise,Gwalthney,301-841-5012,egwalthney@yahoo.com
Venita,Maillard,714-523-6653,venita_maillard@gmail.com
Kasandra,Semidey,314-732-9131,kasandra_semidey@semidey.com
Xochitl,Discipio,512-233-1831,xdiscipio@gmail.com
Maile,Linahan,336-670-2640,mlinahan@yahoo.com
Krissy,Rauser,631-443-4710,krauser@cox.net
Pete,Dubaldi,201-825-2514,pdubaldi@hotmail.com
Linn,Paa,901-412-4381,linn_paa@paa.com
Paris,Wide,404-505-4445,paris@hotmail.com
Wynell,Dorshorst,650-473-1262,wynell_dorshorst@dorshorst.org
Quentin,Birkner,952-702-7993,qbirkner@aol.com
Regenia,Kannady,480-726-1280,regenia.kannady@cox.net
Sheron,Louissant,718-976-8610,sheron@aol.com
Izetta,Funnell,770-844-3447,izetta.funnell@hotmail.com
Rodolfo,Butzen,507-210-3510,rodolfo@hotmail.com
Zona,Colla,203-461-1949,zona@hotmail.com
Serina,Zagen,260-273-3725,szagen@aol.com
Paz,Sahagun,601-927-8287,paz_sahagun@cox.net
Markus,Lukasik,586-970-7380,markus@yahoo.com
Jaclyn,Bachman,719-853-3600,jaclyn@aol.com
Cyril,Daufeldt,212-745-8484,cyril_daufeldt@daufeldt.com
Gayla,Schnitzler,510-686-3407,gschnitzler@gmail.com
Erick,Nievas,773-704-9903,erick_nievas@aol.com
Jennie,Drymon,570-218-4831,jennie@cox.net
Mitsue,Scipione,530-986-9272,mscipione@scipione.com
Ciara,Ventura,845-823-8877,cventura@yahoo.com
Galen,Cantres,216-600-6111,galen@yahoo.com
Truman,Feichtner,973-852-2736,tfeichtner@yahoo.com
Gail,Kitty,907-435-9166,gail@kitty.com
Dalene,Schoeneck,215-268-1275,dalene@schoeneck.org
Gertude,Witten,513-977-7043,gertude.witten@gmail.com
Lizbeth,Kohl,310-699-1222,lizbeth@yahoo.com
Glenn,Berray,515-370-7348,gberray@gmail.com
Lashandra,Klang,610-809-1818,lashandra@yahoo.com
Lenna,Newville,919-623-2524,lnewville@newville.com
Laurel,Pagliuca,509-695-5199,laurel@yahoo.com
Mireya,Frerking,914-868-5965,mireya.frerking@hotmail.com
Annelle,Tagala,410-757-1035,annelle@yahoo.com
Dean,Ketelsen,516-847-4418,dean_ketelsen@gmail.com
Levi,Munis,508-456-4907,levi.munis@gmail.com
Sylvie,Ryser,918-644-9555,sylvie@aol.com
Sharee,Maile,231-467-9978,sharee_maile@aol.com
Cordelia,Storment,337-566-6001,cordelia_storment@aol.com
Mollie,Mcdoniel,419-975-3182,mollie_mcdoniel@yahoo.com
Brett,Mccullan,619-461-9984,brett.mccullan@mccullan.com
Teddy,Pedrozo,203-892-3863,teddy_pedrozo@aol.com
Tasia,Andreason,201-920-9002,tasia_andreason@yahoo.com
Hubert,Walthall,330-903-1345,hubert@walthall.org
Arthur,Farrow,201-238-5688,arthur.farrow@yahoo.com
Vilma,Berlanga,616-737-3085,vberlanga@berlanga.com
Billye,Miro,601-567-5386,billye_miro@cox.net
Glenna,Slayton,901-640-9178,glenna_slayton@cox.net
Mitzie,Hudnall,303-402-1940,mitzie_hudnall@yahoo.com
Bernardine,Rodefer,901-901-4726,bernardine_rodefer@yahoo.com
Staci,Schmaltz,626-866-2339,staci_schmaltz@aol.com
Nichelle,Meteer,773-225-9985,nichelle_meteer@meteer.com
Janine,Rhoden,718-228-5894,jrhoden@yahoo.com
Ettie,Hoopengardner,509-755-5393,ettie.hoopengardner@hotmail.com
Eden,Jayson,410-890-7866,eden_jayson@yahoo.com
Lynelle,Auber,973-860-8610,lynelle_auber@gmail.com
Merissa,Tomblin,562-579-6900,merissa.tomblin@gmail.com
Golda,Kaniecki,732-628-9909,golda_kaniecki@yahoo.com
Catarina,Gleich,973-210-3994,catarina_gleich@hotmail.com
Virgie,Kiel,303-776-7548,vkiel@hotmail.com
Jolene,Ostolaza,757-682-7116,jolene@yahoo.com
Keneth,Borgman,602-919-4211,keneth@yahoo.com
Rikki,Nayar,305-968-9487,rikki@nayar.com
Elke,Sengbusch,602-896-2993,elke_sengbusch@yahoo.com
Hoa,Sarao,386-526-7800,hoa@sarao.org
Trinidad,Mcrae,415-331-9634,trinidad_mcrae@yahoo.com
Mari,Lueckenbach,858-793-9684,mari_lueckenbach@yahoo.com
Selma,Husser,201-991-8369,selma.husser@cox.net
Antione,Onofrio,909-430-7765,aonofrio@onofrio.com
Luisa,Jurney,617-365-2134,ljurney@hotmail.com
Clorinda,Heimann,760-291-5497,clorinda.heimann@hotmail.com
Dick,Wenzinger,310-510-9713,dick@yahoo.com
Ahmed,Angalich,717-528-8996,ahmed.angalich@angalich.com
Iluminada,Ohms,480-293-2882,iluminada.ohms@yahoo.com
Joanna,Leinenbach,561-470-4574,joanna_leinenbach@hotmail.com
Caprice,Suell,615-246-1824,caprice@aol.com
Stephane,Myricks,859-717-7638,stephane_myricks@cox.net
Quentin,Swayze,734-561-6170,quentin_swayze@yahoo.com
Annmarie,Castros,936-751-7961,annmarie_castros@gmail.com
Shonda,Greenbush,973-482-2430,shonda_greenbush@cox.net
Cecil,Lapage,201-693-3967,clapage@lapage.com
Jeanice,Claucherty,305-988-4162,jeanice.claucherty@yahoo.com
Josphine,Villanueva,931-553-9774,josphine_villanueva@villanueva.com
Daniel,Perruzza,714-771-3880,dperruzza@perruzza.com
Cassi,Wildfong,847-633-3216,cassi.wildfong@aol.com
Britt,Galam,215-888-3304,britt@galam.org
Adell,Lipkin,973-654-1561,adell.lipkin@lipkin.com
Jacqueline,Rowling,814-865-8113,jacqueline.rowling@yahoo.com
Lonny,Weglarz,801-293-9853,lonny_weglarz@gmail.com
Lonna,Diestel,910-922-3672,lonna_diestel@gmail.com
Cristal,Samara,213-975-8026,cristal@cox.net
Kenneth,Grenet,517-499-2322,kenneth.grenet@grenet.org
Elli,Mclaird,315-818-2638,emclaird@mclaird.com
Alline,Jeanty,574-656-2800,ajeanty@gmail.com
Sharika,Eanes,407-312-1691,sharika.eanes@aol.com
Nu,Mcnease,973-751-9003,nu@gmail.com
Daniela,Comnick,609-200-8577,dcomnick@cox.net
Cecilia,Colaizzo,608-382-4541,cecilia_colaizzo@colaizzo.com
Leslie,Threets,914-861-9748,leslie@cox.net
Nan,Koppinger,336-370-5333,nan@koppinger.com
Izetta,Dewar,410-473-1708,idewar@dewar.com
Tegan,Arceo,732-730-2692,tegan.arceo@arceo.org
Ruthann,Keener,830-258-2769,ruthann@hotmail.com
Joni,Breland,847-519-5906,joni_breland@cox.net
Vi,Rentfro,732-605-4781,vrentfro@cox.net
Colette,Kardas,402-896-5943,colette.kardas@yahoo.com
Malcolm,Tromblay,703-221-5602,malcolm_tromblay@cox.net
Ryan,Harnos,972-558-1665,ryan@cox.net
Jess,Chaffins,212-510-4633,jess.chaffins@chaffins.org
Sharen,Bourbon,516-816-1541,sbourbon@yahoo.com
Nickolas,Juvera,352-598-8301,nickolas_juvera@cox.net
Gary,Nunlee,317-542-6023,gary_nunlee@nunlee.org
Diane,Devreese,816-557-9673,diane@cox.net
Roslyn,Chavous,601-234-9632,roslyn.chavous@chavous.org
Glory,Schieler,325-869-2649,glory@yahoo.com
Rasheeda,Sayaphon,408-805-4309,rasheeda@aol.com
Alpha,Palaia,856-312-2629,alpha@yahoo.com
Refugia,Jacobos,510-974-8671,refugia.jacobos@jacobos.com
Shawnda,Yori,407-538-5106,shawnda.yori@yahoo.com
Mona,Delasancha,307-403-1488,mdelasancha@hotmail.com
Gilma,Liukko,516-393-9967,gilma_liukko@gmail.com
Janey,Gabisi,608-967-7194,jgabisi@hotmail.com
Lili,Paskin,201-431-2989,lili.paskin@cox.net
Loren,Asar,570-648-3035,loren.asar@aol.com
Dorothy,Chesterfield,858-617-7834,dorothy@cox.net
Gail,Similton,760-616-5388,gail_similton@similton.com
Catalina,Tillotson,609-373-3332,catalina@hotmail.com
Lawrence,Lorens,401-465-6432,lawrence.lorens@hotmail.com
Carlee,Boulter,785-347-1805,carlee.boulter@hotmail.com
Thaddeus,Ankeny,916-920-3571,tankeny@ankeny.org
Jovita,Oles,386-248-4118,joles@gmail.com
Alesia,Hixenbaugh,202-646-7516,alesia_hixenbaugh@hixenbaugh.org
Lai,Harabedian,415-423-3294,lai@gmail.com
Brittni,Gillaspie,208-709-1235,bgillaspie@gillaspie.com
Raylene,Kampa,574-499-1454,rkampa@kampa.org
Flo,Bookamer,308-726-2182,flo.bookamer@cox.net
Jani,Biddy,206-711-6498,jbiddy@yahoo.com
Chauncey,Motley,407-413-4842,chauncey_motley@aol.com
