DATE,DURATION,PROTOCOL,SRC IP,SRC PORT,DEST IP,DEST PORT,PACKETS,BYTES,FLOWS,FLAGS,TOS,CLASS
18:41.7,9.773,TCP  ,EXT_SERVER,22,10012_211,60864,19,3185,1,.AP.SF,0,suspicious
18:41.7,9.773,TCP  ,10012_211,60864,EXT_SERVER,22,15,2163,1,.AP.SF,0,suspicious
21:42.6,13.775,TCP  ,EXT_SERVER,22,10001_123,2590,18,2985,1,.AP.S.,0,suspicious
21:42.6,13.775,TCP  ,10001_123,2590,EXT_SERVER,22,14,2825,1,.APRS.,0,suspicious
18:51.1,9.873,TCP  ,EXT_SERVER,22,10012_211,37119,19,3185,1,.AP.SF,0,suspicious
18:51.1,9.873,TCP  ,10012_211,37119,EXT_SERVER,22,18,2319,1,.AP.SF,0,suspicious
18:59.9,8.835,TCP  ,10006_27,58993,EXT_SERVER,22,17,2267,1,.AP.SF,0,suspicious
18:59.9,8.835,TCP  ,EXT_SERVER,22,10006_27,58993,20,3249,1,.AP.SF,0,suspicious
19:00.6,9.299,TCP  ,EXT_SERVER,22,10012_211,40875,19,3185,1,.AP.SF,0,suspicious
19:00.6,9.299,TCP  ,10012_211,40875,EXT_SERVER,22,17,2267,1,.AP.SF,0,suspicious
22:06.4,16.565,TCP  ,EXT_SERVER,22,10001_123,2491,22,3357,1,.AP.S.,0,suspicious
22:06.4,16.565,TCP  ,10001_123,2491,EXT_SERVER,22,15,2935,1,.APRS.,0,suspicious
19:20.4,9.676,TCP  ,EXT_SERVER,22,10012_211,47686,19,3185,1,.AP.SF,0,suspicious
19:20.4,9.676,TCP  ,10012_211,47686,EXT_SERVER,22,20,2423,1,.AP.SF,0,suspicious
21:57.5,34.984,TCP  ,10004_35,18927,EXT_SERVER,22,4,257,1,.APRSF,0,suspicious
21:57.5,34.984,TCP  ,EXT_SERVER,22,10004_35,18927,9,1541,1,.AP.SF,0,suspicious
19:29.7,10.265,TCP  ,EXT_SERVER,22,10012_211,50484,19,3185,1,.AP.SF,0,suspicious
19:29.7,10.265,TCP  ,10012_211,50484,EXT_SERVER,22,18,2319,1,.AP.SF,0,suspicious
19:39.5,0.049,TCP  ,EXT_SERVER,8000,OPENSTACK_NET,50144,7,556,1,.AP.SF,0,normal
19:39.5,0.049,TCP  ,OPENSTACK_NET,50144,EXT_SERVER,8000,6,515,1,.AP.SF,0,normal
19:39.5,0.058,TCP  ,EXT_SERVER,8000,OPENSTACK_NET,50145,7,702,1,.AP.SF,0,normal
19:39.5,0.058,TCP  ,OPENSTACK_NET,50145,EXT_SERVER,8000,6,586,1,.AP.SF,0,normal
19:39.5,1.568,TCP  ,EXT_SERVER,8000,OPENSTACK_NET,50146,7,639,1,.AP.SF,0,normal
19:39.5,1.568,TCP  ,OPENSTACK_NET,50146,EXT_SERVER,8000,6,614,1,.AP.SF,0,normal
22:25.6,17.597,TCP  ,EXT_SERVER,22,10001_123,2380,19,3093,1,.AP.S.,0,suspicious
22:25.6,17.597,TCP  ,10001_123,2380,EXT_SERVER,22,15,2935,1,.APRS.,0,suspicious
19:39.6,10.2,TCP  ,EXT_SERVER,22,10012_211,57897,19,3185,1,.AP.SF,0,suspicious
19:39.6,10.2,TCP  ,10012_211,57897,EXT_SERVER,22,19,2371,1,.AP.SF,0,suspicious
19:49.5,9.975,TCP  ,EXT_SERVER,22,10012_211,37095,19,3185,1,.AP.SF,0,suspicious
19:49.5,9.975,TCP  ,10012_211,37095,EXT_SERVER,22,17,2267,1,.AP.SF,0,suspicious
19:55.0,8.526,TCP  ,10006_27,53123,EXT_SERVER,22,17,2267,1,.AP.SF,0,suspicious
19:55.0,8.526,TCP  ,EXT_SERVER,22,10006_27,53123,19,3185,1,.AP.SF,0,suspicious
23:05.9,0,TCP  ,10037_181,23930,EXT_SERVER,7547,1,46,1,....S.,0,suspicious
23:05.9,0,TCP  ,EXT_SERVER,7547,10037_181,23930,1,40,1,.A.R..,0,suspicious
19:59.1,8.786,TCP  ,EXT_SERVER,22,10012_211,43858,19,3185,1,.AP.SF,0,suspicious
19:59.1,8.786,TCP  ,10012_211,43858,EXT_SERVER,22,17,2267,1,.AP.SF,0,suspicious
22:48.3,19.372,TCP  ,10004_35,35507,EXT_SERVER,22,9,524,1,.APRSF,0,suspicious
22:48.3,19.372,TCP  ,EXT_SERVER,22,10004_35,35507,11,3708,1,.AP.SF,0,suspicious
20:07.5,10.388,TCP  ,EXT_SERVER,22,10012_211,49530,19,3197,1,.AP.SF,0,suspicious
20:07.5,10.388,TCP  ,10012_211,49530,EXT_SERVER,22,17,2267,1,.AP.SF,0,suspicious
20:17.6,9.292,TCP  ,EXT_SERVER,22,10012_211,60795,19,3185,1,.AP.SF,0,suspicious
20:17.6,9.292,TCP  ,10012_211,60795,EXT_SERVER,22,17,2267,1,.AP.SF,0,suspicious
23:11.7,15.739,TCP  ,EXT_SERVER,22,10001_123,3766,18,2985,1,.AP.S.,0,suspicious
23:11.7,15.739,TCP  ,10001_123,3766,EXT_SERVER,22,16,2917,1,.APRS.,0,suspicious
20:26.5,10.169,TCP  ,EXT_SERVER,22,10012_211,39534,19,3185,1,.AP.SF,0,suspicious
20:26.5,10.169,TCP  ,10012_211,39534,EXT_SERVER,22,17,2267,1,.AP.SF,0,suspicious
20:36.4,9.669,TCP  ,EXT_SERVER,22,10012_211,52674,19,3185,1,.AP.SF,0,suspicious
20:36.4,9.669,TCP  ,10012_211,52674,EXT_SERVER,22,17,2267,1,.AP.SF,0,suspicious
20:48.7,0.071,TCP  ,EXT_SERVER,8000,OPENSTACK_NET,63215,7,702,1,.AP.SF,0,normal
20:48.7,0.071,TCP  ,OPENSTACK_NET,63215,EXT_SERVER,8000,6,586,1,.AP.SF,0,normal
20:48.7,0.05,TCP  ,EXT_SERVER,8000,OPENSTACK_NET,63216,7,556,1,.AP.SF,0,normal
20:48.7,0.05,TCP  ,OPENSTACK_NET,63216,EXT_SERVER,8000,6,515,1,.AP.SF,0,normal
20:49.7,0.056,TCP  ,EXT_SERVER,8000,OPENSTACK_NET,63217,7,639,1,.AP.SF,0,normal
20:49.7,0.056,TCP  ,OPENSTACK_NET,63217,EXT_SERVER,8000,6,614,1,.AP.SF,0,normal
23:37.5,15.256,TCP  ,EXT_SERVER,22,10001_123,2496,20,3065,1,.AP.S.,0,suspicious
23:37.5,15.256,TCP  ,10001_123,2496,EXT_SERVER,22,15,2871,1,.APRS.,0,suspicious
20:45.7,9.485,TCP  ,EXT_SERVER,22,10012_211,38663,20,3237,1,.AP.SF,0,suspicious
20:45.7,9.485,TCP  ,10012_211,38663,EXT_SERVER,22,17,2267,1,.AP.SF,0,suspicious
20:54.9,9.223,TCP  ,EXT_SERVER,22,10012_211,51497,20,3249,1,.AP.SF,0,suspicious
20:54.9,9.223,TCP  ,10012_211,51497,EXT_SERVER,22,15,2163,1,.AP.SF,0,suspicious
24:17.1,9.903,TCP  ,10004_35,48489,EXT_SERVER,22,8,1081,1,.APRSF,0,suspicious
24:17.1,9.903,TCP  ,EXT_SERVER,22,10004_35,48489,8,2482,1,.AP.S.,0,suspicious
24:21.7,10.964,TCP  ,10008_98,54500,EXT_SERVER,22,17,2261,1,.APRSF,0,suspicious
24:21.7,10.964,TCP  ,EXT_SERVER,22,10008_98,54500,20,3249,1,.AP.SF,0,suspicious
21:39.5,0.064,TCP  ,EXT_SERVER,8000,OPENSTACK_NET,50179,7,561,1,.AP.SF,0,normal
21:39.5,0.064,TCP  ,OPENSTACK_NET,50179,EXT_SERVER,8000,5,543,1,.AP.SF,0,normal
21:39.7,0.063,TCP  ,EXT_SERVER,8000,OPENSTACK_NET,50180,7,1726,1,.AP.SF,0,normal
21:39.7,0.063,TCP  ,OPENSTACK_NET,50180,EXT_SERVER,8000,6,579,1,.AP.SF,0,normal
21:36.7,12.549,TCP  ,10034_187,59937,EXT_SERVER,22,17,1988,1,.AP.SF,0,suspicious
21:36.7,12.549,TCP  ,EXT_SERVER,22,10034_187,59937,23,3545,1,.AP.SF,0,suspicious
24:49.2,0.999,TCP  ,10038_52,50869,EXT_SERVER,22,5,238,1,.A.RS.,0,suspicious
24:49.2,0.999,TCP  ,EXT_SERVER,22,10038_52,50869,3,210,1,.AP.S.,0,suspicious
24:35.7,15.701,TCP  ,EXT_SERVER,22,10001_123,2575,18,2985,1,.AP.S.,0,suspicious
24:35.7,15.701,TCP  ,10001_123,2575,EXT_SERVER,22,14,2825,1,.APRS.,0,suspicious
21:48.0,9.024,TCP  ,10006_27,46166,EXT_SERVER,22,17,2283,1,.AP.SF,0,suspicious
21:48.0,9.024,TCP  ,EXT_SERVER,22,10006_27,46166,19,3185,1,.AP.SF,0,suspicious
21:45.6,15.289,TCP  ,EXT_SERVER,22,10036_27,43970,23,3545,1,.AP.SF,0,suspicious
21:45.6,15.289,TCP  ,10036_27,43970,EXT_SERVER,22,17,1988,1,.AP.SF,0,suspicious
25:00.1,0,TCP  ,EXT_SERVER,23,10039_17,10430,1,40,1,.A.R..,0,suspicious
25:00.1,0,TCP  ,10039_17,10430,EXT_SERVER,23,1,46,1,....S.,0,suspicious
25:02.9,10.018,TCP  ,10008_98,56710,EXT_SERVER,22,15,2157,1,.APRSF,0,suspicious
25:02.9,10.018,TCP  ,EXT_SERVER,22,10008_98,56710,20,3249,1,.AP.SF,0,suspicious
25:06.4,14.931,TCP  ,EXT_SERVER,22,10001_123,3193,18,2985,1,.AP.S.,0,suspicious
25:06.4,14.931,TCP  ,10001_123,3193,EXT_SERVER,22,18,3073,1,.APRS.,0,suspicious
25:12.6,9.397,TCP  ,10008_98,39738,EXT_SERVER,22,15,2157,1,.APRSF,0,suspicious
25:12.6,9.397,TCP  ,EXT_SERVER,22,10008_98,39738,20,3249,1,.AP.SF,0,suspicious
25:32.8,0.001,TCP  ,EXT_SERVER,23,10040_198,64161,1,40,1,.A.R..,0,suspicious
25:32.8,0.001,TCP  ,10040_198,64161,EXT_SERVER,23,1,46,1,....S.,0,suspicious
22:39.5,0.049,TCP  ,EXT_SERVER,8000,OPENSTACK_NET,50197,7,556,1,.AP.SF,0,normal
22:39.5,0.049,TCP  ,OPENSTACK_NET,50197,EXT_SERVER,8000,6,515,1,.AP.SF,0,normal
22:39.5,0.06,TCP  ,EXT_SERVER,8000,OPENSTACK_NET,50198,7,702,1,.AP.SF,0,normal
22:39.5,0.06,TCP  ,OPENSTACK_NET,50198,EXT_SERVER,8000,6,586,1,.AP.SF,0,normal
22:48.6,0.071,TCP  ,EXT_SERVER,8000,OPENSTACK_NET,63250,7,561,1,.AP.SF,0,normal
22:48.6,0.071,TCP  ,OPENSTACK_NET,63250,EXT_SERVER,8000,6,589,1,.AP.SF,0,normal
22:48.8,0.067,TCP  ,EXT_SERVER,8000,OPENSTACK_NET,63253,7,1726,1,.AP.SF,0,normal
22:48.8,0.067,TCP  ,OPENSTACK_NET,63253,EXT_SERVER,8000,6,579,1,.AP.SF,0,normal
22:47.9,9.746,TCP  ,10006_27,23777,EXT_SERVER,22,17,2267,1,.AP.SF,0,suspicious
22:47.9,9.746,TCP  ,EXT_SERVER,22,10006_27,23777,19,3185,1,.AP.SF,0,suspicious
25:49.0,14.006,TCP  ,EXT_SERVER,22,10001_123,4210,18,2985,1,.AP.S.,0,suspicious
25:49.0,14.006,TCP  ,10001_123,4210,EXT_SERVER,22,13,2779,1,.APRS.,0,suspicious
21:10.6,120.466,TCP  ,10004_35,17029,EXT_SERVER,22,4,231,1,.AP.SF,0,suspicious
21:10.6,120.466,TCP  ,EXT_SERVER,22,10004_35,17029,11,6590,1,.AP.SF,0,suspicious
23:48.6,0.073,TCP  ,EXT_SERVER,8000,OPENSTACK_NET,63268,7,702,1,.AP.SF,0,normal
23:48.6,0.073,TCP  ,OPENSTACK_NET,63268,EXT_SERVER,8000,6,586,1,.AP.SF,0,normal
23:48.6,0.049,TCP  ,EXT_SERVER,8000,OPENSTACK_NET,63269,7,556,1,.AP.SF,0,normal
23:48.6,0.049,TCP  ,OPENSTACK_NET,63269,EXT_SERVER,8000,6,515,1,.AP.SF,0,normal
26:34.9,13.968,TCP  ,EXT_SERVER,22,10001_123,1678,19,3093,1,.AP.S.,0,suspicious
26:34.9,13.968,TCP  ,10001_123,1678,EXT_SERVER,22,15,2935,1,.APRS.,0,suspicious
23:43.3,8.861,TCP  ,10006_27,24913,EXT_SERVER,22,15,2163,1,.AP.SF,0,suspicious
23:43.3,8.861,TCP  ,EXT_SERVER,22,10006_27,24913,19,3185,1,.AP.SF,0,suspicious
26:43.1,10.181,TCP  ,10008_98,56118,EXT_SERVER,22,17,2261,1,.APRSF,0,suspicious
26:43.1,10.181,TCP  ,EXT_SERVER,22,10008_98,56118,20,3249,1,.AP.SF,0,suspicious
25:01.4,120.913,TCP  ,10004_35,50432,EXT_SERVER,22,5,277,1,.APRSF,0,suspicious
25:01.4,120.913,TCP  ,EXT_SERVER,22,10004_35,50432,11,6590,1,.AP.SF,0,suspicious
24:04.2,0,UDP  ,10041_1,36621,EXT_SERVER,17,1,46,1,......,0,suspicious
24:04.2,0,ICMP ,EXT_SERVER,0,10041_1,3.3,1,56,1,......,0,suspicious
27:02.6,9.573,TCP  ,10008_98,49929,EXT_SERVER,22,17,2261,1,.APRSF,0,suspicious
27:02.6,9.573,TCP  ,EXT_SERVER,22,10008_98,49929,20,3249,1,.AP.SF,0,suspicious
27:09.9,6.395,TCP  ,10004_35,35213,EXT_SERVER,22,7,1029,1,.APRSF,0,suspicious
27:09.9,6.395,TCP  ,EXT_SERVER,22,10004_35,35213,9,4421,1,.AP.SF,0,suspicious
24:12.0,10.023,TCP  ,10008_98,39936,EXT_SERVER,22,17,2267,1,.AP.SF,0,suspicious
24:12.0,10.023,TCP  ,EXT_SERVER,22,10008_98,39936,19,3185,1,.AP.SF,0,suspicious
27:13.9,14.301,TCP  ,EXT_SERVER,22,10001_123,4598,20,3065,1,.AP.S.,0,suspicious
27:13.9,14.301,TCP  ,10001_123,4598,EXT_SERVER,22,14,2825,1,.APRS.,0,suspicious
27:36.0,0,TCP  ,10042_81,38706,EXT_SERVER,23,1,46,1,....S.,0,suspicious
27:36.0,0,TCP  ,EXT_SERVER,23,10042_81,38706,1,40,1,.A.R..,0,suspicious
24:32.3,11.092,TCP  ,10008_98,44030,EXT_SERVER,22,17,2267,1,.AP.SF,0,suspicious
24:32.3,11.092,TCP  ,EXT_SERVER,22,10008_98,44030,19,3197,1,.AP.SF,0,suspicious
24:41.4,10.592,TCP  ,10006_27,36389,EXT_SERVER,22,17,2279,1,.AP.SF,0,suspicious
24:41.4,10.592,TCP  ,EXT_SERVER,22,10006_27,36389,20,3305,1,.AP.SF,0,suspicious
24:50.2,2.052,TCP  ,10038_52,53307,EXT_SERVER,22,11,1259,1,.AP.SF,0,suspicious
24:50.2,2.052,TCP  ,EXT_SERVER,22,10038_52,53307,14,1913,1,.AP.SF,0,suspicious
22:39.5,135.064,TCP  ,EXT_SERVER,8000,OPENSTACK_NET,50199,2,92,1,.A..SF,0,normal
22:39.5,135.064,TCP  ,OPENSTACK_NET,50199,EXT_SERVER,8000,4,190,1,.A..SF,0,normal
24:43.1,10.916,TCP  ,10008_98,59306,EXT_SERVER,22,17,2267,1,.AP.SF,0,suspicious
24:43.1,10.916,TCP  ,EXT_SERVER,22,10008_98,59306,19,3197,1,.AP.SF,0,suspicious
24:52.3,2.657,TCP  ,10038_52,59216,EXT_SERVER,22,11,1259,1,.AP.SF,0,suspicious
24:52.3,2.657,TCP  ,EXT_SERVER,22,10038_52,59216,14,1913,1,.AP.SF,0,suspicious
27:44.3,12.451,TCP  ,EXT_SERVER,22,10001_123,1347,18,2985,1,.AP.S.,0,suspicious
27:44.3,12.451,TCP  ,10001_123,1347,EXT_SERVER,22,14,2825,1,.APRS.,0,suspicious
24:54.9,3.069,TCP  ,10038_52,52905,EXT_SERVER,22,11,1259,1,.AP.SF,0,suspicious
24:54.9,3.069,TCP  ,EXT_SERVER,22,10038_52,52905,14,1913,1,.AP.SF,0,suspicious
24:53.7,9.558,TCP  ,10008_98,47244,EXT_SERVER,22,17,2267,1,.AP.SF,0,suspicious
24:53.7,9.558,TCP  ,EXT_SERVER,22,10008_98,47244,19,3185,1,.AP.SF,0,suspicious
27:59.6,13.418,TCP  ,EXT_SERVER,22,10001_123,2560,20,3065,1,.AP.S.,0,suspicious
27:59.6,13.418,TCP  ,10001_123,2560,EXT_SERVER,22,16,2917,1,.APRS.,0,suspicious
25:18.1,2.907,TCP  ,10038_52,54806,EXT_SERVER,22,11,1259,1,.AP.SF,0,suspicious
25:18.1,2.907,TCP  ,EXT_SERVER,22,10038_52,54806,14,1913,1,.AP.SF,0,suspicious
28:22.7,0,TCP  ,10043_251,60112,EXT_SERVER,7547,1,46,1,....S.,0,suspicious
28:22.7,0,TCP  ,EXT_SERVER,7547,10043_251,60112,1,40,1,.A.R..,0,suspicious
26:28.3,122.916,TCP  ,10004_35,43830,EXT_SERVER,22,7,389,1,.APRSF,0,suspicious
26:28.3,122.916,TCP  ,EXT_SERVER,22,10004_35,43830,14,6774,1,.AP.SF,0,suspicious
28:18.4,13.385,TCP  ,EXT_SERVER,22,10001_123,4520,18,2985,1,.AP.S.,0,suspicious
28:18.4,13.385,TCP  ,10001_123,4520,EXT_SERVER,22,14,2825,1,.APRS.,0,suspicious
25:21.6,11.356,TCP  ,10008_98,45008,EXT_SERVER,22,19,2387,1,.AP.SF,0,suspicious
25:21.6,11.356,TCP  ,EXT_SERVER,22,10008_98,45008,19,3185,1,.AP.SF,0,suspicious
23:33.2,121.951,TCP  ,10004_35,59264,EXT_SERVER,22,5,268,1,.A..SF,0,suspicious
23:33.2,121.951,TCP  ,EXT_SERVER,22,10004_35,59264,5,341,1,.AP.SF,0,suspicious
25:39.5,0.048,TCP  ,EXT_SERVER,8000,OPENSTACK_NET,50246,7,556,1,.AP.SF,0,normal
25:39.5,0.048,TCP  ,OPENSTACK_NET,50246,EXT_SERVER,8000,6,515,1,.AP.SF,0,normal
25:39.5,0.062,TCP  ,EXT_SERVER,8000,OPENSTACK_NET,50247,7,702,1,.AP.SF,0,normal
25:39.5,0.062,TCP  ,OPENSTACK_NET,50247,EXT_SERVER,8000,6,586,1,.AP.SF,0,normal
25:39.5,1.214,TCP  ,EXT_SERVER,8000,OPENSTACK_NET,50248,7,639,1,.AP.SF,0,normal
25:39.5,1.214,TCP  ,OPENSTACK_NET,50248,EXT_SERVER,8000,6,614,1,.AP.SF,0,normal
25:32.7,10.768,TCP  ,10008_98,60051,EXT_SERVER,22,17,2267,1,.AP.SF,0,suspicious
25:32.7,10.768,TCP  ,EXT_SERVER,22,10008_98,60051,19,3185,1,.AP.SF,0,suspicious
25:41.0,2.394,TCP  ,10038_52,62063,EXT_SERVER,22,11,1259,1,.AP.SF,0,suspicious
25:41.0,2.394,TCP  ,EXT_SERVER,22,10038_52,62063,14,1913,1,.AP.SF,0,suspicious
25:35.6,9.931,TCP  ,10006_27,12567,EXT_SERVER,22,17,2267,1,.AP.SF,0,suspicious
25:35.6,9.931,TCP  ,EXT_SERVER,22,10006_27,12567,19,3185,1,.AP.SF,0,suspicious
25:43.4,2.333,TCP  ,10038_52,49170,EXT_SERVER,22,11,1259,1,.AP.SF,0,suspicious
25:43.4,2.333,TCP  ,EXT_SERVER,22,10038_52,49170,14,1913,1,.AP.SF,0,suspicious
28:39.2,6.914,TCP  ,10004_35,11304,EXT_SERVER,22,8,480,1,.APRSF,0,suspicious
28:39.2,6.914,TCP  ,EXT_SERVER,22,10004_35,11304,9,2489,1,.AP.SF,0,suspicious
25:45.7,1.61,TCP  ,10038_52,52500,EXT_SERVER,22,11,1259,1,.AP.SF,0,suspicious
25:45.7,1.61,TCP  ,EXT_SERVER,22,10038_52,52500,14,1913,1,.AP.SF,0,suspicious
25:47.3,2.549,TCP  ,10038_52,56209,EXT_SERVER,22,11,1259,1,.AP.SF,0,suspicious
25:47.3,2.549,TCP  ,EXT_SERVER,22,10038_52,56209,14,1913,1,.AP.SF,0,suspicious
25:49.8,2.306,TCP  ,10038_52,57117,EXT_SERVER,22,11,1259,1,.AP.SF,0,suspicious
25:49.8,2.306,TCP  ,EXT_SERVER,22,10038_52,57117,14,1913,1,.AP.SF,0,suspicious
25:43.1,10.183,TCP  ,10008_98,43233,EXT_SERVER,22,17,2267,1,.AP.SF,0,suspicious
25:43.1,10.183,TCP  ,EXT_SERVER,22,10008_98,43233,19,3185,1,.AP.SF,0,suspicious
25:52.1,1.911,TCP  ,10038_52,58285,EXT_SERVER,22,11,1259,1,.AP.SF,0,suspicious
25:52.1,1.911,TCP  ,EXT_SERVER,22,10038_52,58285,14,1913,1,.AP.SF,0,suspicious
25:54.7,0,UDP  ,10044_53,5089,EXT_SERVER,5060,1,437,1,......,0,suspicious
25:54.7,0,ICMP ,EXT_SERVER,0,10044_53,3.3,1,465,1,......,0,suspicious
28:42.0,13.824,TCP  ,EXT_SERVER,22,10001_123,4538,18,2985,1,.AP.S.,0,suspicious
28:42.0,13.824,TCP  ,10001_123,4538,EXT_SERVER,22,15,2871,1,.APRS.,0,suspicious
25:54.3,2.19,TCP  ,10038_52,59325,EXT_SERVER,22,11,1259,1,.AP.SF,0,suspicious
25:54.3,2.19,TCP  ,EXT_SERVER,22,10038_52,59325,14,1913,1,.AP.SF,0,suspicious
25:56.5,2.129,TCP  ,10038_52,61370,EXT_SERVER,22,11,1259,1,.AP.SF,0,suspicious
25:56.5,2.129,TCP  ,EXT_SERVER,22,10038_52,61370,14,1913,1,.AP.SF,0,suspicious
25:58.6,2.744,TCP  ,10038_52,63029,EXT_SERVER,22,11,1259,1,.AP.SF,0,suspicious
25:58.6,2.744,TCP  ,EXT_SERVER,22,10038_52,63029,14,1913,1,.AP.SF,0,suspicious
26:01.3,3.14,TCP  ,10038_52,65209,EXT_SERVER,22,11,1259,1,.AP.SF,0,suspicious
26:01.3,3.14,TCP  ,EXT_SERVER,22,10038_52,65209,14,1913,1,.AP.SF,0,suspicious
25:53.9,11.299,TCP  ,10008_98,54337,EXT_SERVER,22,17,2267,1,.AP.SF,0,suspicious
25:53.9,11.299,TCP  ,EXT_SERVER,22,10008_98,54337,19,3197,1,.AP.SF,0,suspicious
26:04.7,2.357,TCP  ,10038_52,51302,EXT_SERVER,22,11,1275,1,.AP.SF,0,suspicious
26:04.7,2.357,TCP  ,EXT_SERVER,22,10038_52,51302,14,1913,1,.AP.SF,0,suspicious
26:07.1,2.288,TCP  ,10038_52,53054,EXT_SERVER,22,11,1259,1,.AP.SF,0,suspicious
26:07.1,2.288,TCP  ,EXT_SERVER,22,10038_52,53054,14,1913,1,.AP.SF,0,suspicious
26:04.9,10.598,TCP  ,10008_98,44778,EXT_SERVER,22,17,2267,1,.AP.SF,0,suspicious
26:04.9,10.598,TCP  ,EXT_SERVER,22,10008_98,44778,19,3185,1,.AP.SF,0,suspicious
26:15.2,10.061,TCP  ,10008_98,55951,EXT_SERVER,22,15,2163,1,.AP.SF,0,suspicious
26:15.2,10.061,TCP  ,EXT_SERVER,22,10008_98,55951,19,3185,1,.AP.SF,0,suspicious
29:14.5,11.573,TCP  ,10006_27,20210,EXT_SERVER,22,17,2273,1,.APRSF,0,suspicious
29:14.5,11.573,TCP  ,EXT_SERVER,22,10006_27,20210,22,3489,1,.AP.SF,0,suspicious
29:14.8,13.89,TCP  ,EXT_SERVER,22,10001_123,4643,19,3037,1,.AP.S.,0,suspicious
29:14.8,13.89,TCP  ,10001_123,4643,EXT_SERVER,22,15,2981,1,.APRS.,0,suspicious
26:24.9,9.201,TCP  ,10008_98,38327,EXT_SERVER,22,19,2371,1,.AP.SF,0,suspicious
26:24.9,9.201,TCP  ,EXT_SERVER,22,10008_98,38327,19,3185,1,.AP.SF,0,suspicious
26:30.5,8.687,TCP  ,10006_27,51482,EXT_SERVER,22,17,2267,1,.AP.SF,0,suspicious
26:30.5,8.687,TCP  ,EXT_SERVER,22,10006_27,51482,19,3185,1,.AP.SF,0,suspicious
26:39.5,0.067,TCP  ,EXT_SERVER,8000,OPENSTACK_NET,50265,7,561,1,.AP.SF,0,normal
26:39.5,0.067,TCP  ,OPENSTACK_NET,50265,EXT_SERVER,8000,6,589,1,.AP.SF,0,normal
26:39.7,0.065,TCP  ,EXT_SERVER,8000,OPENSTACK_NET,50266,7,1726,1,.AP.SF,0,normal
26:39.7,0.065,TCP  ,OPENSTACK_NET,50266,EXT_SERVER,8000,6,579,1,.AP.SF,0,normal
29:39.4,0.393,TCP  ,10045_44,42664,EXT_SERVER,22,2,94,1,...RS.,0,suspicious
29:39.4,0.393,TCP  ,EXT_SERVER,22,10045_44,42664,1,48,1,.A..S.,0,suspicious
26:33.8,9.702,TCP  ,10008_98,46661,EXT_SERVER,22,15,2163,1,.AP.SF,0,suspicious
26:33.8,9.702,TCP  ,EXT_SERVER,22,10008_98,46661,19,3185,1,.AP.SF,0,suspicious
29:33.1,14.062,TCP  ,EXT_SERVER,22,10001_123,3797,19,3093,1,.AP.S.,0,suspicious
29:33.1,14.062,TCP  ,10001_123,3797,EXT_SERVER,22,13,2779,1,.APRS.,0,suspicious
26:48.7,0.073,TCP  ,EXT_SERVER,8000,OPENSTACK_NET,63320,7,702,1,.AP.SF,0,normal
26:48.7,0.073,TCP  ,OPENSTACK_NET,63320,EXT_SERVER,8000,6,586,1,.AP.SF,0,normal
26:48.7,0.062,TCP  ,EXT_SERVER,8000,OPENSTACK_NET,63321,7,556,1,.AP.SF,0,normal
26:48.7,0.062,TCP  ,OPENSTACK_NET,63321,EXT_SERVER,8000,6,515,1,.AP.SF,0,normal
26:49.7,0.047,TCP  ,EXT_SERVER,8000,OPENSTACK_NET,63322,7,639,1,.AP.SF,0,normal
26:49.7,0.047,TCP  ,OPENSTACK_NET,63322,EXT_SERVER,8000,6,614,1,.AP.SF,0,normal
29:22.7,36.322,TCP  ,10004_35,17145,EXT_SERVER,22,4,242,1,.APRSF,0,suspicious
29:22.7,36.322,TCP  ,EXT_SERVER,22,10004_35,17145,9,679,1,.AP.S.,0,suspicious
26:53.0,9.948,TCP  ,10008_98,38003,EXT_SERVER,22,19,2383,1,.AP.SF,0,suspicious
26:53.0,9.948,TCP  ,EXT_SERVER,22,10008_98,38003,20,3289,1,.AP.SF,0,suspicious
30:08.3,6.455,TCP  ,10004_35,38088,EXT_SERVER,22,6,374,1,.APRSF,0,suspicious
30:08.3,6.455,TCP  ,EXT_SERVER,22,10004_35,38088,7,2385,1,.AP.S.,0,suspicious
27:16.7,0,UDP  ,10046_8,49204,EXT_SERVER,1900,1,122,1,......,0,suspicious
27:16.7,0,ICMP ,EXT_SERVER,0,10046_8,3.3,1,150,1,......,0,suspicious
30:02.3,13.707,TCP  ,EXT_SERVER,22,10001_123,2934,18,2985,1,.AP.S.,0,suspicious
30:02.3,13.707,TCP  ,10001_123,2934,EXT_SERVER,22,13,2843,1,.APRS.,0,suspicious
25:43.7,95.245,TCP  ,10004_35,44381,EXT_SERVER,22,6,983,1,.AP.SF,0,suspicious
25:43.7,95.245,TCP  ,EXT_SERVER,22,10004_35,44381,14,7633,1,.AP.SF,0,suspicious
30:18.3,0,TCP  ,10047_158,62086,EXT_SERVER,5358,1,46,1,....S.,0,suspicious
30:18.3,0,TCP  ,EXT_SERVER,5358,10047_158,62086,1,40,1,.A.R..,0,suspicious
27:11.9,9.063,TCP  ,10008_98,34213,EXT_SERVER,22,17,2283,1,.AP.SF,0,suspicious
27:11.9,9.063,TCP  ,EXT_SERVER,22,10008_98,34213,19,3185,1,.AP.SF,0,suspicious
30:28.8,0,TCP  ,10048_130,12655,EXT_SERVER,7547,1,46,1,....S.,0,suspicious
30:28.8,0,TCP  ,EXT_SERVER,7547,10048_130,12655,1,40,1,.A.R..,0,suspicious
27:20.6,9.685,TCP  ,10008_98,45357,EXT_SERVER,22,20,2423,1,.AP.SF,0,suspicious
27:20.6,9.685,TCP  ,EXT_SERVER,22,10008_98,45357,19,3185,1,.AP.SF,0,suspicious
27:25.5,9.183,TCP  ,10006_27,39644,EXT_SERVER,22,15,2163,1,.AP.SF,0,suspicious
27:25.5,9.183,TCP  ,EXT_SERVER,22,10006_27,39644,20,3237,1,.AP.SF,0,suspicious
27:29.9,10.084,TCP  ,10008_98,58125,EXT_SERVER,22,18,2335,1,.AP.SF,0,suspicious
27:29.9,10.084,TCP  ,EXT_SERVER,22,10008_98,58125,19,3185,1,.AP.SF,0,suspicious
30:34.1,13.506,TCP  ,EXT_SERVER,22,10001_123,1514,18,2985,1,.AP.S.,0,suspicious
30:34.1,13.506,TCP  ,10001_123,1514,EXT_SERVER,22,13,2779,1,.APRS.,0,suspicious
27:48.6,0.067,TCP  ,EXT_SERVER,8000,OPENSTACK_NET,63341,7,561,1,.AP.SF,0,normal
27:48.6,0.067,TCP  ,OPENSTACK_NET,63341,EXT_SERVER,8000,6,589,1,.AP.SF,0,normal
27:48.8,0.075,TCP  ,EXT_SERVER,8000,OPENSTACK_NET,63342,7,1726,1,.AP.SF,0,normal
27:48.8,0.075,TCP  ,OPENSTACK_NET,63342,EXT_SERVER,8000,6,579,1,.AP.SF,0,normal
27:39.7,9.691,TCP  ,10008_98,42768,EXT_SERVER,22,17,2283,1,.AP.SF,0,suspicious
27:39.7,9.691,TCP  ,EXT_SERVER,22,10008_98,42768,19,3185,1,.AP.SF,0,suspicious
30:59.1,16.131,TCP  ,EXT_SERVER,22,10001_123,3240,21,3117,1,.AP.S.,0,suspicious
30:59.1,16.131,TCP  ,10001_123,3240,EXT_SERVER,22,17,3073,1,.APRS.,0,suspicious
28:19.6,8.568,TCP  ,10006_27,28474,EXT_SERVER,22,15,2163,1,.AP.SF,0,suspicious
28:19.6,8.568,TCP  ,EXT_SERVER,22,10006_27,28474,19,3185,1,.AP.SF,0,suspicious
31:01.1,35.676,TCP  ,10004_35,15509,EXT_SERVER,22,6,977,1,.APRSF,0,suspicious
31:01.1,35.676,TCP  ,EXT_SERVER,22,10004_35,15509,12,6541,1,.AP.SF,0,suspicious
28:39.5,0.049,TCP  ,EXT_SERVER,8000,OPENSTACK_NET,50299,7,556,1,.AP.SF,0,normal
28:39.5,0.049,TCP  ,OPENSTACK_NET,50299,EXT_SERVER,8000,6,515,1,.AP.SF,0,normal
28:39.5,0.061,TCP  ,EXT_SERVER,8000,OPENSTACK_NET,50300,7,702,1,.AP.SF,0,normal
28:39.5,0.061,TCP  ,OPENSTACK_NET,50300,EXT_SERVER,8000,6,586,1,.AP.SF,0,normal
31:46.7,14.956,TCP  ,EXT_SERVER,22,10001_123,1523,20,3065,1,.AP.S.,0,suspicious
31:46.7,14.956,TCP  ,10001_123,1523,EXT_SERVER,22,17,2963,1,.APRS.,0,suspicious
32:17.9,13.768,TCP  ,EXT_SERVER,22,10001_123,2794,18,2985,1,.AP.S.,0,suspicious
32:17.9,13.768,TCP  ,10001_123,2794,EXT_SERVER,22,13,2971,1,.APRS.,0,suspicious
32:39.2,8.311,TCP  ,10004_35,63437,EXT_SERVER,22,6,977,1,.APRSF,0,suspicious
32:39.2,8.311,TCP  ,EXT_SERVER,22,10004_35,63437,8,1506,1,.AP.SF,0,suspicious
29:48.6,0.09,TCP  ,EXT_SERVER,8000,OPENSTACK_NET,63375,7,702,1,.AP.SF,0,normal
29:48.6,0.09,TCP  ,OPENSTACK_NET,63375,EXT_SERVER,8000,6,586,1,.AP.SF,0,normal
29:48.6,0.055,TCP  ,EXT_SERVER,8000,OPENSTACK_NET,63376,7,556,1,.AP.SF,0,normal
29:48.6,0.055,TCP  ,OPENSTACK_NET,63376,EXT_SERVER,8000,6,515,1,.AP.SF,0,normal
32:35.3,15.815,TCP  ,EXT_SERVER,22,10001_123,2259,19,3093,1,.AP.S.,0,suspicious
32:35.3,15.815,TCP  ,10001_123,2259,EXT_SERVER,22,16,2917,1,.APRS.,0,suspicious
27:55.8,120.956,TCP  ,10004_35,34748,EXT_SERVER,22,5,268,1,.A..SF,0,suspicious
27:55.8,120.956,TCP  ,EXT_SERVER,22,10004_35,34748,4,281,1,.AP.SF,0,suspicious
32:54.0,6.892,TCP  ,10006_27,30243,EXT_SERVER,22,8,1081,1,.APRSF,0,suspicious
32:54.0,6.892,TCP  ,EXT_SERVER,22,10006_27,30243,11,5513,1,.AP.SF,0,suspicious
30:10.4,9.244,TCP  ,10006_27,16678,EXT_SERVER,22,14,2111,1,.AP.SF,0,suspicious
30:10.4,9.244,TCP  ,EXT_SERVER,22,10006_27,16678,17,3081,1,.AP.SF,0,suspicious
33:20.2,0,TCP  ,10049_233,31331,EXT_SERVER,5358,1,46,1,....S.,0,suspicious
33:20.2,0,TCP  ,EXT_SERVER,5358,10049_233,31331,1,40,1,.A.R..,0,suspicious
33:35.3,13.349,TCP  ,EXT_SERVER,22,10001_123,4480,20,3065,1,.AP.S.,0,suspicious
33:35.3,13.349,TCP  ,10001_123,4480,EXT_SERVER,22,15,2999,1,.APRS.,0,suspicious
33:49.9,0,TCP  ,10050_43,40447,EXT_SERVER,5351,1,46,1,....S.,0,suspicious
33:49.9,0,TCP  ,EXT_SERVER,5351,10050_43,40447,1,40,1,.A.R..,0,suspicious
28:39.5,135.077,TCP  ,EXT_SERVER,8000,OPENSTACK_NET,50301,3,132,1,.A..SF,0,normal
28:39.5,135.077,TCP  ,OPENSTACK_NET,50301,EXT_SERVER,8000,4,190,1,.A..SF,0,normal
33:54.6,13.417,TCP  ,EXT_SERVER,22,10001_123,4865,20,3065,1,.AP.S.,0,suspicious
33:54.6,13.417,TCP  ,10001_123,4865,EXT_SERVER,22,15,2935,1,.APRS.,0,suspicious
33:24.4,45.827,TCP  ,10004_35,11723,EXT_SERVER,22,6,977,1,.APRSF,0,suspicious
33:24.4,45.827,TCP  ,EXT_SERVER,22,10004_35,11723,14,5759,1,.AP.SF,0,suspicious
31:05.2,9.799,TCP  ,10006_27,53609,EXT_SERVER,22,15,2163,1,.AP.SF,0,suspicious
31:05.2,9.799,TCP  ,EXT_SERVER,22,10006_27,53609,20,3237,1,.AP.SF,0,suspicious
34:30.0,0.001,TCP  ,10051_187,14726,EXT_SERVER,23,1,46,1,....S.,0,suspicious
34:30.0,0.001,TCP  ,EXT_SERVER,23,10051_187,14726,1,40,1,.A.R..,0,suspicious
31:39.5,0.071,TCP  ,EXT_SERVER,8000,OPENSTACK_NET,50351,7,561,1,.AP.SF,0,normal
31:39.5,0.071,TCP  ,OPENSTACK_NET,50351,EXT_SERVER,8000,6,589,1,.AP.SF,0,normal
31:39.5,0.049,TCP  ,EXT_SERVER,8000,OPENSTACK_NET,50350,7,556,1,.AP.SF,0,normal
31:39.5,0.049,TCP  ,OPENSTACK_NET,50350,EXT_SERVER,8000,6,515,1,.AP.SF,0,normal
31:39.5,0.054,TCP  ,EXT_SERVER,8000,OPENSTACK_NET,50352,7,702,1,.AP.SF,0,normal
31:39.5,0.054,TCP  ,OPENSTACK_NET,50352,EXT_SERVER,8000,6,586,1,.AP.SF,0,normal
31:39.5,1.143,TCP  ,EXT_SERVER,8000,OPENSTACK_NET,50353,7,1726,1,.AP.SF,0,normal
31:39.5,1.143,TCP  ,OPENSTACK_NET,50353,EXT_SERVER,8000,6,579,1,.AP.SF,0,normal
31:40.6,0.05,TCP  ,EXT_SERVER,8000,OPENSTACK_NET,50354,7,639,1,.AP.SF,0,normal
31:40.6,0.05,TCP  ,OPENSTACK_NET,50354,EXT_SERVER,8000,6,614,1,.AP.SF,0,normal
34:48.6,0,TCP  ,10052_132,26863,EXT_SERVER,7547,1,46,1,....S.,0,suspicious
34:48.6,0,TCP  ,EXT_SERVER,7547,10052_132,26863,1,40,1,.A.R..,0,suspicious
34:35.5,13.875,TCP  ,EXT_SERVER,22,10001_123,3096,20,3065,1,.AP.S.,0,suspicious
34:35.5,13.875,TCP  ,10001_123,3096,EXT_SERVER,22,18,3073,1,.APRS.,0,suspicious
34:47.3,9.202,TCP  ,10006_27,25160,EXT_SERVER,22,15,2157,1,.APRSF,0,suspicious
34:47.3,9.202,TCP  ,EXT_SERVER,22,10006_27,25160,20,3237,1,.AP.SF,0,suspicious
31:58.7,10.011,TCP  ,10006_27,29635,EXT_SERVER,22,15,2179,1,.AP.SF,0,suspicious
31:58.7,10.011,TCP  ,EXT_SERVER,22,10006_27,29635,19,3185,1,.AP.SF,0,suspicious
35:16.4,0.089,TCP  ,10053_64,48411,EXT_SERVER,3389,2,92,1,...RS.,0,suspicious
35:16.4,0.089,TCP  ,EXT_SERVER,3389,10053_64,48411,1,40,1,.A.R..,0,suspicious
34:05.7,79.963,TCP  ,10004_35,51965,EXT_SERVER,22,4,225,1,.APRS.,0,suspicious
34:05.7,79.963,TCP  ,EXT_SERVER,22,10004_35,51965,10,5465,1,.AP.S.,0,suspicious
35:18.0,13.571,TCP  ,EXT_SERVER,22,10001_123,2269,18,2985,1,.AP.S.,0,suspicious
35:18.0,13.571,TCP  ,10001_123,2269,EXT_SERVER,22,13,2779,1,.APRS.,0,suspicious
35:32.8,10.519,TCP  ,EXT_SERVER,22,10054_208,43573,20,3249,1,.AP.SF,0,suspicious
35:32.8,10.519,TCP  ,10054_208,43573,EXT_SERVER,22,17,2261,1,.APRSF,0,suspicious
32:48.6,0.071,TCP  ,EXT_SERVER,8000,OPENSTACK_NET,63427,7,561,1,.AP.SF,0,normal
32:48.6,0.071,TCP  ,OPENSTACK_NET,63427,EXT_SERVER,8000,6,589,1,.AP.SF,0,normal
32:48.6,0.078,TCP  ,EXT_SERVER,8000,OPENSTACK_NET,63429,7,702,1,.AP.SF,0,normal
32:48.6,0.078,TCP  ,OPENSTACK_NET,63429,EXT_SERVER,8000,6,586,1,.AP.SF,0,normal
32:48.6,0.06,TCP  ,EXT_SERVER,8000,OPENSTACK_NET,63428,7,556,1,.AP.SF,0,normal
32:48.6,0.06,TCP  ,OPENSTACK_NET,63428,EXT_SERVER,8000,6,515,1,.AP.SF,0,normal
32:50.1,0.067,TCP  ,EXT_SERVER,8000,OPENSTACK_NET,63430,7,1726,1,.AP.SF,0,normal
32:50.1,0.067,TCP  ,OPENSTACK_NET,63430,EXT_SERVER,8000,5,533,1,.AP.SF,0,normal
32:50.1,0.059,TCP  ,EXT_SERVER,8000,OPENSTACK_NET,63431,7,639,1,.AP.SF,0,normal
32:50.1,0.059,TCP  ,OPENSTACK_NET,63431,EXT_SERVER,8000,6,614,1,.AP.SF,0,normal
35:37.3,15.509,TCP  ,EXT_SERVER,22,10001_123,2398,19,3093,1,.AP.S.,0,suspicious
35:37.3,15.509,TCP  ,10001_123,2398,EXT_SERVER,22,16,2917,1,.APRS.,0,suspicious
35:42.9,10.852,TCP  ,EXT_SERVER,22,10054_208,53518,18,3133,1,.AP.SF,0,suspicious
35:42.9,10.852,TCP  ,10054_208,53518,EXT_SERVER,22,14,2105,1,.APRSF,0,suspicious
31:48.3,74.183,TCP  ,10004_35,35407,EXT_SERVER,22,6,359,1,.AP.SF,0,suspicious
31:48.3,74.183,TCP  ,EXT_SERVER,22,10004_35,35407,11,6694,1,.AP.SF,0,suspicious
36:02.1,14.505,TCP  ,EXT_SERVER,22,10001_123,3864,18,2985,1,.AP.S.,0,suspicious
36:02.1,14.505,TCP  ,10001_123,3864,EXT_SERVER,22,14,2825,1,.APRS.,0,suspicious
36:19.8,15.874,TCP  ,EXT_SERVER,22,10001_123,4734,21,3113,1,.AP.S.,0,suspicious
36:19.8,15.874,TCP  ,10001_123,4734,EXT_SERVER,22,14,2889,1,.APRS.,0,suspicious
35:22.0,75.514,TCP  ,10004_35,26910,EXT_SERVER,22,6,353,1,.APRSF,0,suspicious
35:22.0,75.514,TCP  ,EXT_SERVER,22,10004_35,26910,11,6690,1,.AP.SF,0,suspicious
33:50.6,10.321,TCP  ,10006_27,56101,EXT_SERVER,22,15,2163,1,.AP.SF,0,suspicious
33:50.6,10.321,TCP  ,EXT_SERVER,22,10006_27,56101,19,3265,1,.AP.SF,0,suspicious
36:51.4,17.339,TCP  ,EXT_SERVER,22,10001_123,2846,20,3145,1,.AP.S.,0,suspicious
36:51.4,17.339,TCP  ,10001_123,2846,EXT_SERVER,22,16,3155,1,.APRS.,0,suspicious
37:17.3,0,TCP  ,EXT_SERVER,3431,10055_218,58953,1,40,1,.A.R..,0,suspicious
37:17.3,0,TCP  ,10055_218,58953,EXT_SERVER,3431,1,46,1,....S.,0,suspicious
34:39.5,0.058,TCP  ,EXT_SERVER,8000,OPENSTACK_NET,50403,7,556,1,.AP.SF,0,normal
34:39.5,0.058,TCP  ,OPENSTACK_NET,50403,EXT_SERVER,8000,6,515,1,.AP.SF,0,normal
34:39.5,0.069,TCP  ,EXT_SERVER,8000,OPENSTACK_NET,50404,7,702,1,.AP.SF,0,normal
34:39.5,0.069,TCP  ,OPENSTACK_NET,50404,EXT_SERVER,8000,6,586,1,.AP.SF,0,normal
37:25.1,14.298,TCP  ,EXT_SERVER,22,10001_123,4956,18,2985,1,.AP.S.,0,suspicious
37:25.1,14.298,TCP  ,10001_123,4956,EXT_SERVER,22,14,2825,1,.APRS.,0,suspicious
37:48.0,13.857,TCP  ,EXT_SERVER,22,10001_123,1433,19,3037,1,.AP.S.,0,suspicious
37:48.0,13.857,TCP  ,10001_123,1433,EXT_SERVER,22,14,2935,1,.APRS.,0,suspicious
35:02.2,10.292,TCP  ,EXT_SERVER,22,10054_208,42792,19,3185,1,.AP.SF,0,suspicious
35:02.2,10.292,TCP  ,10054_208,42792,EXT_SERVER,22,17,2267,1,.AP.SF,0,suspicious
36:11.7,120.93,TCP  ,10004_35,50699,EXT_SERVER,22,5,262,1,.A.RS.,0,suspicious
36:11.7,120.93,TCP  ,EXT_SERVER,22,10004_35,50699,4,257,1,.AP.SF,0,suspicious
37:45.9,27.21,TCP  ,10004_35,13681,EXT_SERVER,22,6,349,1,.APRS.,0,suspicious
37:45.9,27.21,TCP  ,EXT_SERVER,22,10004_35,13681,12,6586,1,.AP.S.,0,suspicious
35:12.2,10.817,TCP  ,EXT_SERVER,22,10054_208,51802,19,3185,1,.AP.SF,0,suspicious
35:12.2,10.817,TCP  ,10054_208,51802,EXT_SERVER,22,17,2267,1,.AP.SF,0,suspicious
35:22.6,10.475,TCP  ,EXT_SERVER,22,10054_208,33619,19,3185,1,.AP.SF,0,suspicious
35:22.6,10.475,TCP  ,10054_208,33619,EXT_SERVER,22,17,2267,1,.AP.SF,0,suspicious
38:30.1,6.377,TCP  ,10004_35,16806,EXT_SERVER,22,7,381,1,.APRSF,0,suspicious
38:30.1,6.377,TCP  ,EXT_SERVER,22,10004_35,16806,9,4445,1,.AP.S.,0,suspicious
35:48.7,0.082,TCP  ,EXT_SERVER,8000,OPENSTACK_NET,63480,7,702,1,.AP.SF,0,normal
35:48.7,0.082,TCP  ,OPENSTACK_NET,63480,EXT_SERVER,8000,6,586,1,.AP.SF,0,normal
35:48.7,0.062,TCP  ,EXT_SERVER,8000,OPENSTACK_NET,63481,7,556,1,.AP.SF,0,normal
35:48.7,0.062,TCP  ,OPENSTACK_NET,63481,EXT_SERVER,8000,6,515,1,.AP.SF,0,normal
35:44.8,8.599,TCP  ,10006_27,43798,EXT_SERVER,22,17,2267,1,.AP.SF,0,suspicious
35:44.8,8.599,TCP  ,EXT_SERVER,22,10006_27,43798,19,3185,1,.AP.SF,0,suspicious
38:46.1,14.463,TCP  ,EXT_SERVER,22,10001_123,3467,18,2985,1,.AP.S.,0,suspicious
38:46.1,14.463,TCP  ,10001_123,3467,EXT_SERVER,22,14,2825,1,.APRS.,0,suspicious
35:52.9,9.653,TCP  ,EXT_SERVER,22,10054_208,33414,19,3185,1,.AP.SF,0,suspicious
35:52.9,9.653,TCP  ,10054_208,33414,EXT_SERVER,22,17,2267,1,.AP.SF,0,suspicious
36:02.2,10.715,TCP  ,EXT_SERVER,22,10054_208,40525,20,3305,1,.AP.SF,0,suspicious
36:02.2,10.715,TCP  ,10054_208,40525,EXT_SERVER,22,19,2383,1,.AP.SF,0,suspicious
36:13.6,0,UDP  ,10056_250,41027,EXT_SERVER,53413,1,46,1,......,0,suspicious
36:13.6,0,ICMP ,EXT_SERVER,0,10056_250,3.3,1,57,1,......,0,suspicious
39:13.0,6.975,TCP  ,10004_35,62220,EXT_SERVER,22,7,381,1,.APRS.,0,suspicious
39:13.0,6.975,TCP  ,EXT_SERVER,22,10004_35,62220,5,1285,1,.AP.S.,0,suspicious
36:12.6,10.083,TCP  ,EXT_SERVER,22,10054_208,51266,19,3185,1,.AP.SF,0,suspicious
36:12.6,10.083,TCP  ,10054_208,51266,EXT_SERVER,22,17,2267,1,.AP.SF,0,suspicious
39:07.8,14.245,TCP  ,EXT_SERVER,22,10001_123,4030,19,3037,1,.AP.S.,0,suspicious
39:07.8,14.245,TCP  ,10001_123,4030,EXT_SERVER,22,16,3027,1,.APRS.,0,suspicious
36:22.3,10.239,TCP  ,EXT_SERVER,22,10054_208,59734,19,3185,1,.AP.SF,0,suspicious
36:22.3,10.239,TCP  ,10054_208,59734,EXT_SERVER,22,17,2267,1,.AP.SF,0,suspicious
39:24.7,13.469,TCP  ,EXT_SERVER,22,10001_123,1359,18,2985,1,.AP.S.,0,suspicious
39:24.7,13.469,TCP  ,10001_123,1359,EXT_SERVER,22,14,2825,1,.APRS.,0,suspicious
36:39.5,0.063,TCP  ,EXT_SERVER,8000,OPENSTACK_NET,50437,7,561,1,.AP.SF,0,normal
36:39.5,0.063,TCP  ,OPENSTACK_NET,50437,EXT_SERVER,8000,6,589,1,.AP.SF,0,normal
36:39.7,0.067,TCP  ,EXT_SERVER,8000,OPENSTACK_NET,50438,7,1726,1,.AP.SF,0,normal
36:39.7,0.067,TCP  ,OPENSTACK_NET,50438,EXT_SERVER,8000,6,579,1,.AP.SF,0,normal
36:32.2,10.263,TCP  ,EXT_SERVER,22,10054_208,38622,19,3185,1,.AP.SF,0,suspicious
36:32.2,10.263,TCP  ,10054_208,38622,EXT_SERVER,22,17,2267,1,.AP.SF,0,suspicious
36:40.6,9.674,TCP  ,10006_27,44042,EXT_SERVER,22,17,2267,1,.AP.SF,0,suspicious
36:40.6,9.674,TCP  ,EXT_SERVER,22,10006_27,44042,20,3249,1,.AP.SF,0,suspicious
36:42.1,10.471,TCP  ,EXT_SERVER,22,10054_208,46540,19,3185,1,.AP.SF,0,suspicious
36:42.1,10.471,TCP  ,10054_208,46540,EXT_SERVER,22,17,2267,1,.AP.SF,0,suspicious
39:40.7,14.067,TCP  ,EXT_SERVER,22,10001_123,3338,18,2985,1,.AP.S.,0,suspicious
39:40.7,14.067,TCP  ,10001_123,3338,EXT_SERVER,22,16,2981,1,.APRS.,0,suspicious
36:52.3,10.273,TCP  ,EXT_SERVER,22,10054_208,56177,19,3185,1,.AP.SF,0,suspicious
36:52.3,10.273,TCP  ,10054_208,56177,EXT_SERVER,22,17,2267,1,.AP.SF,0,suspicious
40:03.7,0,TCP  ,10057_204,64474,EXT_SERVER,5358,1,46,1,....S.,0,suspicious
40:03.7,0,TCP  ,EXT_SERVER,5358,10057_204,64474,1,40,1,.A.R..,0,suspicious
37:11.6,0.016,UDP  ,10014_199,123,EXT_SERVER,53871,1,76,1,......,0,suspicious
37:11.6,0.016,UDP  ,EXT_SERVER,53871,10014_199,123,1,76,1,......,0,suspicious
37:02.2,9.902,TCP  ,EXT_SERVER,22,10054_208,35943,19,3185,1,.AP.SF,0,suspicious
37:02.2,9.902,TCP  ,10054_208,35943,EXT_SERVER,22,15,2163,1,.AP.SF,0,suspicious
37:11.7,10.758,TCP  ,EXT_SERVER,22,10054_208,44129,19,3185,1,.AP.SF,0,suspicious
37:11.7,10.758,TCP  ,10054_208,44129,EXT_SERVER,22,15,2163,1,.AP.SF,0,suspicious
40:07.7,14.875,TCP  ,EXT_SERVER,22,10001_123,4302,18,2985,1,.AP.S.,0,suspicious
40:07.7,14.875,TCP  ,10001_123,4302,EXT_SERVER,22,18,3009,1,.APRS.,0,suspicious
40:23.6,0,TCP  ,10058_178,57992,EXT_SERVER,23,1,46,1,....S.,0,suspicious
40:23.6,0,TCP  ,EXT_SERVER,23,10058_178,57992,1,40,1,.A.R..,0,suspicious
37:22.2,11.114,TCP  ,EXT_SERVER,22,10054_208,56682,20,3289,1,.AP.SF,0,suspicious
37:22.2,11.114,TCP  ,10054_208,56682,EXT_SERVER,22,19,2383,1,.AP.SF,0,suspicious
37:39.5,0.048,TCP  ,EXT_SERVER,8000,OPENSTACK_NET,50455,7,556,1,.AP.SF,0,normal
37:39.5,0.048,TCP  ,OPENSTACK_NET,50455,EXT_SERVER,8000,6,515,1,.AP.SF,0,normal
37:39.5,0.061,TCP  ,EXT_SERVER,8000,OPENSTACK_NET,50456,7,702,1,.AP.SF,0,normal
37:39.5,0.061,TCP  ,OPENSTACK_NET,50456,EXT_SERVER,8000,6,586,1,.AP.SF,0,normal
37:41.5,0.053,TCP  ,EXT_SERVER,8000,OPENSTACK_NET,50457,7,639,1,.AP.SF,0,normal
37:41.5,0.053,TCP  ,OPENSTACK_NET,50457,EXT_SERVER,8000,6,614,1,.AP.SF,0,normal
40:27.2,14.635,TCP  ,EXT_SERVER,22,10001_123,3733,19,4001,1,.AP.S.,0,suspicious
40:27.2,14.635,TCP  ,10001_123,3733,EXT_SERVER,22,13,2779,1,.APRS.,0,suspicious
37:33.0,10.813,TCP  ,EXT_SERVER,22,10054_208,43889,19,3185,1,.AP.SF,0,suspicious
37:33.0,10.813,TCP  ,10054_208,43889,EXT_SERVER,22,17,2267,1,.AP.SF,0,suspicious
37:37.8,9.507,TCP  ,10006_27,17577,EXT_SERVER,22,15,2163,1,.AP.SF,0,suspicious
37:37.8,9.507,TCP  ,EXT_SERVER,22,10006_27,17577,19,3185,1,.AP.SF,0,suspicious
37:48.6,0.06,TCP  ,EXT_SERVER,8000,OPENSTACK_NET,63516,7,561,1,.AP.SF,0,normal
37:48.6,0.06,TCP  ,OPENSTACK_NET,63516,EXT_SERVER,8000,6,589,1,.AP.SF,0,normal
37:48.8,0.061,TCP  ,EXT_SERVER,8000,OPENSTACK_NET,63517,7,1726,1,.AP.SF,0,normal
37:48.8,0.061,TCP  ,OPENSTACK_NET,63517,EXT_SERVER,8000,5,533,1,.AP.SF,0,normal
40:42.3,9.505,TCP  ,10004_35,64038,EXT_SERVER,22,6,353,1,.APRSF,0,suspicious
40:42.3,9.505,TCP  ,EXT_SERVER,22,10004_35,64038,8,3483,1,.AP.SF,0,suspicious
37:43.4,9.528,TCP  ,EXT_SERVER,22,10054_208,57366,20,3305,1,.AP.SF,0,suspicious
37:43.4,9.528,TCP  ,10054_208,57366,EXT_SERVER,22,19,2383,1,.AP.SF,0,suspicious
40:49.7,8.437,TCP  ,EXT_SERVER,22,10054_249,57553,20,3249,1,.AP.SF,0,suspicious
40:49.7,8.437,TCP  ,10054_249,57553,EXT_SERVER,22,17,2261,1,.APRSF,0,suspicious
37:52.6,10.157,TCP  ,EXT_SERVER,22,10054_208,38113,19,3185,1,.AP.SF,0,suspicious
37:52.6,10.157,TCP  ,10054_208,38113,EXT_SERVER,22,17,2267,1,.AP.SF,0,suspicious
38:08.2,0,UDP  ,10059_133,41424,EXT_SERVER,123,1,76,1,......,0,suspicious
38:08.2,0,ICMP ,EXT_SERVER,0,10059_133,3.3,1,104,1,......,0,suspicious
40:57.8,10.533,TCP  ,EXT_SERVER,22,10054_249,33416,21,3369,1,.AP.SF,0,suspicious
40:57.8,10.533,TCP  ,10054_249,33416,EXT_SERVER,22,16,2237,1,.APRSF,0,suspicious
38:02.4,12.021,TCP  ,EXT_SERVER,22,10054_208,51997,19,3185,1,.AP.SF,0,suspicious
38:02.4,12.021,TCP  ,10054_208,51997,EXT_SERVER,22,19,2371,1,.AP.SF,0,suspicious
38:14.1,11.603,TCP  ,EXT_SERVER,22,10054_208,39394,20,4085,1,.AP.SF,0,suspicious
38:14.1,11.603,TCP  ,10054_208,39394,EXT_SERVER,22,15,2163,1,.AP.SF,0,suspicious
38:25.3,10.748,TCP  ,EXT_SERVER,22,10054_208,53082,19,3185,1,.AP.SF,0,suspicious
38:25.3,10.748,TCP  ,10054_208,53082,EXT_SERVER,22,17,2267,1,.AP.SF,0,suspicious
41:28.7,17.695,TCP  ,EXT_SERVER,22,10001_123,3987,20,3153,1,.AP.S.,0,suspicious
41:28.7,17.695,TCP  ,10001_123,3987,EXT_SERVER,22,15,3119,1,.APRS.,0,suspicious
38:48.6,0.073,TCP  ,EXT_SERVER,8000,OPENSTACK_NET,63532,7,702,1,.AP.SF,0,normal
38:48.6,0.073,TCP  ,OPENSTACK_NET,63532,EXT_SERVER,8000,6,586,1,.AP.SF,0,normal
38:48.7,0.052,TCP  ,EXT_SERVER,8000,OPENSTACK_NET,63533,7,556,1,.AP.SF,0,normal
38:48.7,0.052,TCP  ,OPENSTACK_NET,63533,EXT_SERVER,8000,5,469,1,.AP.SF,0,normal
38:38.7,10.714,TCP  ,10006_27,14360,EXT_SERVER,22,14,2111,1,.AP.SF,0,suspicious
38:38.7,10.714,TCP  ,EXT_SERVER,22,10006_27,14360,19,3185,1,.AP.SF,0,suspicious
38:49.7,0.052,TCP  ,EXT_SERVER,8000,OPENSTACK_NET,63534,7,639,1,.AP.SF,0,normal
38:49.7,0.052,TCP  ,OPENSTACK_NET,63534,EXT_SERVER,8000,6,614,1,.AP.SF,0,normal
41:25.0,30.301,TCP  ,10004_35,60715,EXT_SERVER,22,6,977,1,.APRSF,0,suspicious
41:25.0,30.301,TCP  ,EXT_SERVER,22,10004_35,60715,10,4550,1,.AP.SF,0,suspicious
36:59.0,125.671,TCP  ,10004_35,36147,EXT_SERVER,22,8,459,1,.AP.SF,0,suspicious
36:59.0,125.671,TCP  ,EXT_SERVER,22,10004_35,36147,11,2637,1,.AP.SF,0,suspicious
41:49.9,15.357,TCP  ,EXT_SERVER,22,10001_123,1677,19,3093,1,.AP.S.,0,suspicious
41:49.9,15.357,TCP  ,10001_123,1677,EXT_SERVER,22,14,2889,1,.APRS.,0,suspicious
42:16.0,0,TCP  ,10060_92,16308,EXT_SERVER,23,1,46,1,....S.,0,suspicious
42:16.0,0,TCP  ,EXT_SERVER,23,10060_92,16308,1,40,1,.A.R..,0,suspicious
42:25.9,13.97,TCP  ,EXT_SERVER,22,10001_123,4327,18,2985,1,.AP.S.,0,suspicious
42:25.9,13.97,TCP  ,10001_123,4327,EXT_SERVER,22,13,2779,1,.APRS.,0,suspicious
42:08.2,32.196,TCP  ,10004_35,58486,EXT_SERVER,22,7,1301,1,.APRSF,0,suspicious
42:08.2,32.196,TCP  ,EXT_SERVER,22,10004_35,58486,12,5437,1,.AP.SF,0,suspicious
39:35.6,10.873,TCP  ,10006_27,40264,EXT_SERVER,22,18,2331,1,.AP.SF,0,suspicious
39:35.6,10.873,TCP  ,EXT_SERVER,22,10006_27,40264,20,4097,1,.AP.SF,0,suspicious
43:04.8,13.851,TCP  ,EXT_SERVER,22,10001_123,1942,18,2985,1,.AP.S.,0,suspicious
43:04.8,13.851,TCP  ,10001_123,1942,EXT_SERVER,22,13,2843,1,.APRS.,0,suspicious
43:15.2,10.578,TCP  ,10006_27,36533,EXT_SERVER,22,16,2221,1,.APRSF,0,suspicious
43:15.2,10.578,TCP  ,EXT_SERVER,22,10006_27,36533,19,4173,1,.AP.SF,0,suspicious
40:21.4,9.677,TCP  ,EXT_SERVER,22,10054_249,57504,19,3185,1,.AP.SF,0,suspicious
40:21.4,9.677,TCP  ,10054_249,57504,EXT_SERVER,22,18,2319,1,.AP.SF,0,suspicious
40:39.5,0.047,TCP  ,EXT_SERVER,8000,OPENSTACK_NET,50506,7,556,1,.AP.SF,0,normal
40:39.5,0.047,TCP  ,OPENSTACK_NET,50506,EXT_SERVER,8000,6,515,1,.AP.SF,0,normal
40:39.5,0.063,TCP  ,EXT_SERVER,8000,OPENSTACK_NET,50507,7,702,1,.AP.SF,0,normal
40:39.5,0.063,TCP  ,OPENSTACK_NET,50507,EXT_SERVER,8000,5,540,1,.AP.SF,0,normal
