Staff_No,Fname,Lname,Units,Status,PayLevel
453218,John,Brown,Completed,Probation,LevelA
453288,Jane,Smith,Completed,Probation,LevelA
453302,Tegan,Jones,In Progress,Probation,LevelA
453353,Mike,Buswell,Completed,Probation,LevelA
453395,Peter,Atwell,In Progress,Probation,LevelA
453437,Michelle,Edwards,Completed,Probation,LevelA
453479,Jogn,Conner,In Progress,Probation,LevelA
453521,Mitchell,Moore,In Progress,Probation,LevelA
453563,Roy,McKnight,In Progress,Probation,LevelA
453605,Tanya,Williams,Completed,Probation,LevelA
